date,temperature_mean_c,temperature_min_c,temperature_max_c,wind_speed_mean_kmh,wind_speed_max_kmh,wind_gust_max_kmh,precipitation_mm,humidity_pct,pressure_hpa
2020-01-01,6.157819482701068,-1.2014514603692685,15.941392636334434,23.608575768114452,31.731690859368147,36.829529543910795,4.823912412997119,71.61404616152396,1019.8936838484457
2020-01-02,2.1649426743818885,-6.637992138151235,12.983704920886206,17.906674050855248,35.06853272625642,56.14229106943713,7.327622800694625,41.795901619686944,1003.4498924327377
2020-01-03,7.580650447052793,1.7260888393444471,13.185219573781032,15.95159417949562,21.99818734346648,23.918456353349505,4.936315225149148,,1017.4318487500282
2020-01-04,8.198554834970238,2.0731459973995827,16.751627296004255,35.881083828950054,38.5666718044579,49.65816446656773,0.0,47.27568032724333,1016.4493145677357
2020-01-05,-0.425533188556817,-8.48614799449211,6.117369655627843,17.25422156254942,24.419343247657505,40.57347050800709,0.0,63.76621167196253,1013.8575660457747
2020-01-06,1.5748783869020837,-4.953933186811622,9.832528621536527,21.404715929569385,32.20035303202262,52.183190860540336,0.0,54.83728992574926,1000.539287862949
2020-01-07,5.921899530255168,-1.7609659353234974,12.844628843635899,13.495332180426978,17.648330234276894,28.211076215738686,10.322247787942304,57.865956030728576,1007.3469140227021
2020-01-08,4.649711961270685,-1.6488353609972757,11.350505262730831,21.62472642583274,37.09575305978773,50.512697324458394,0.0,50.361284597488066,1006.8621632540542
2020-01-09,5.611179890126285,0.5337041810627818,14.05425170227387,16.444105988757663,21.7440570566063,37.89234950429252,8.610784956643023,,1007.5334524203898
2020-01-10,3.1686587002270827,-4.557360513677972,9.268567671444325,18.964796790200833,22.21221183660236,29.63610920173403,9.875696196961224,73.94157964111541,1001.4154861640897
2020-01-11,8.435235405217322,3.7794595592937714,16.250036027050022,26.468471134030526,54.51476565980257,58.40618325987396,0.0,42.41635180689502,1010.6040748962798
2020-01-12,8.202691641403865,3.2097733237473243,17.107565231668076,23.668220933101757,27.647650671544554,49.76990124043703,6.110490981088103,57.29449821818572,1012.7225320442795
2020-01-13,6.142684222644977,-0.9914406912760665,11.9117766617418,24.21426571703882,29.395601501843434,41.837031241170244,0.0,59.14287495642969,1016.4407812850582
2020-01-14,9.404571680075103,1.6682226791147539,19.98813730533653,12.57923964415902,24.569723227035816,32.95543707494514,0.0,74.36193430538222,1009.4036479340219
2020-01-15,7.506588460581462,-0.9668509737576123,15.540936657306212,30.681767484403302,36.57494180547207,39.01378393176371,0.0,54.88841678929823,1004.2166332189454
2020-01-16,3.6103278002952517,-1.7526046867842067,13.527495631601305,15.598876556699498,18.94695522878034,19.694802790951055,0.0,52.08987296153871,1013.9163637980369
2020-01-17,7.381509742870497,2.827888449867725,16.30494232659688,29.261024262948887,34.056717328575715,44.99603896490958,0.0,58.28361838139234,1018.6718640114574
2020-01-18,3.4885434409263314,-5.291689856686814,12.748549088261605,26.784804444727357,50.10057314602531,50.784073506999164,0.0,30.118429411906845,1007.8318622011639
2020-01-19,9.093331001896253,4.321215561785541,18.390116647853283,24.621524147406177,35.673536721896745,43.99176559446145,0.0,40.61625159171137,1011.9104549222759
2020-01-20,6.40381872600741,1.4154838147342126,16.654418108376248,17.516605137850906,30.03938187220827,34.62757660225193,0.0,50.49560201345859,1009.3194754897587
2020-01-21,6.0974249025614125,0.6407776347690834,14.779057512842957,22.605023358517304,31.662443100963614,37.2660095156011,0.0,46.444370191208165,1007.7332825053766
2020-01-22,4.710408904808915,-1.936547865322522,11.379711815137252,19.546872202129578,29.67523446145033,48.56549505882316,0.0,35.79000052907905,1013.840094523805
2020-01-23,10.524747125998204,2.1106192958278136,16.12180498319095,22.099926141310345,27.664501727486797,32.28982425569066,8.955602302095995,73.35338588589742,1005.8421897531347
2020-01-24,6.500169467467037,-1.3025606461822976,15.137673184167886,20.757444145445582,29.052155045841992,37.68303560518698,0.0,58.11708075468786,1012.6597913007704
2020-01-25,5.788086884429707,-1.7527008847834686,11.186203707053194,11.864642762174764,13.032529725965007,17.679054684012222,0.0,56.683182967390096,1015.5826548274904
2020-01-26,6.128627378613869,1.252724539333851,12.57638808875105,27.716303521435012,41.798663053767044,52.02597805720297,8.7896566253456,54.582797148958555,1006.0729564249567
2020-01-27,,3.1081121747056253,14.260768439946967,21.750317349082234,27.276629578139485,36.488830733801315,2.047881738725175,57.795809140816644,1012.6738412908552
2020-01-28,8.513077831313705,2.121053200880315,16.806403365353106,19.77909003066121,22.67574776501505,30.998223322380326,0.0,61.17339351329271,1007.3336091714473
2020-01-29,8.774634739064648,4.037504971636719,14.736663488721856,19.447449293488802,28.075267835742686,44.26372208867462,11.11687291225267,61.82643297418804,1000.6601265867781
2020-01-30,8.951099115759462,3.583950605126099,17.6135430323603,24.086117673212854,30.637005647547827,32.56223390967217,0.0,60.334866870884376,1010.1913411198316
2020-01-31,14.208249837949277,8.666583818185055,23.953440623128884,17.868500082175622,31.628288622263405,33.04647076736223,1.187249254699133,46.51579854732784,1009.5693254780047
2020-02-01,6.691167698242314,2.0547867065971177,16.62245202287349,11.103580733350999,18.382445942580215,21.273770497228746,0.0,56.16982375587656,1009.6310189750149
2020-02-02,,-0.24801106801093642,13.360448440356116,24.4559865657582,29.170832983150827,38.41720411960084,0.0,68.7099793951132,1011.8293765346008
2020-02-03,5.730458970156846,-1.7946820124641185,14.024186166323823,25.055421722081853,32.460553275416466,43.95619863268967,0.0,69.78423644291247,1014.6720041628578
2020-02-04,10.15389667015837,5.804238512774063,18.531961230676522,21.499995224873054,39.91567156297981,40.14146176125888,13.608328555074522,83.17856135896301,1008.1460443587832
2020-02-05,11.829336438702338,5.423720929886589,19.66665953162734,16.795554688063135,30.851422207593636,42.240991836486955,0.0,58.426820985195,1017.4335960320967
2020-02-06,8.239277819872974,0.3282218435339992,17.169961168421565,23.015317645373095,34.04826723692658,40.32184409412348,0.0,55.37936745829295,1003.3187515991751
2020-02-07,6.201549768447354,-1.5384008763148804,12.462072511388556,15.28219459701523,29.732865595967155,52.23073223269867,0.0,49.61453300608703,1004.7250772920628
2020-02-08,6.391631181541486,-1.6837342995522846,17.26709061906225,17.501555434457686,29.10309263889934,39.91049535860281,5.350926037047312,38.126016355133586,1006.5108461184333
2020-02-09,10.96202305368215,4.720819887829116,16.550502016227746,18.91569646159382,22.663218365561395,43.46288900080546,0.0,38.861203643194095,1012.0019499502026
2020-02-10,11.387248280760785,3.2844628675614818,21.3625751279795,26.918975644167258,39.508096897848226,57.774459715350716,0.0,52.98334033641689,1007.8816954460378
2020-02-11,10.936217233649197,5.73245187757785,19.500793155356327,20.91492718495113,36.4772491753352,42.75348130748679,0.0,,1006.765215972787
2020-02-12,7.461477321565521,1.6574245144779445,13.930605804727817,20.515950522593464,36.640463178052414,51.42914890637422,6.822664506496534,78.08707440152477,1004.570507069057
2020-02-13,10.307680961208348,5.425903079119341,19.781730965170148,32.55463671001576,35.66698012377369,41.93242154687943,0.0,70.77758955250751,1012.0665220935964
2020-02-14,10.11633810821989,3.7789154110770315,15.623223482282322,24.56796140530507,29.760886424197746,54.11256136544297,5.17836974160793,51.42269906960812,1001.2985699316062
2020-02-15,10.579277345343224,4.6189772332660075,20.225784352035923,24.523672240648402,29.137975773534293,35.88421142034476,0.0,64.81990858106822,1022.3460894969053
2020-02-16,12.696229446923274,7.491593864851714,21.236140780381355,21.001815883213663,27.00505140104791,38.89052578888427,0.0,49.27517362511307,1011.0542100067643
2020-02-17,10.913214965302993,3.154311419149085,16.577716875681404,19.88864393767821,30.166934199355154,57.52959283313264,0.0,63.19139611604561,1015.7291968412404
2020-02-18,12.441360306842537,6.8721264462843035,17.918393685396758,11.957209507442531,20.434930415474252,32.69046592940839,0.0,64.67221273728094,1009.0347359628563
2020-02-19,10.771206156706926,5.407184505977748,20.2762241573257,27.750235010975835,36.22968734492004,41.98744453982202,0.0,69.90511374577285,1012.4372948608859
2020-02-20,11.60128595479628,6.946834300543805,18.358901393819302,25.163917612542356,27.594041458623998,30.17283876263838,0.0,49.08827974260764,1011.3613491453493
2020-02-21,12.794811697584262,6.600703188574518,23.130622802187542,22.040917245902865,27.085894923531825,29.029603387079963,6.9959067586909764,73.46796032899297,1011.7232043515661
2020-02-22,6.6980097812884845,1.1831866371019748,16.270447907469542,22.26352896625549,39.1489657982774,50.49798916546371,0.0,32.52623156654474,1008.1344205411397
2020-02-23,10.280454832873351,4.4340906261685085,19.46959630117965,26.641832358394936,42.16123766745724,72.44106060950278,21.25854492303438,70.55458817846633,1008.3602330492643
2020-02-24,9.99975240838613,4.8197660952833665,16.671388724186833,15.197539169070495,22.389071027062926,25.330750803971686,0.0,54.6997993261778,1004.1813601085054
2020-02-25,9.666998574004271,1.851221124904769,18.92066568813398,20.03018832296687,32.64175198746508,46.35502292973685,0.0,54.95526402417163,1014.8506063528704
2020-02-26,10.932275777640271,2.282259040866684,21.621161884729275,17.305110551078123,26.969832545935688,40.552414886809615,0.0,30.550761931714568,1011.5481238957749
2020-02-27,16.417853961905784,9.928194697961345,21.967212968129196,31.84972351821155,45.371181988780585,52.96826036924993,0.0,50.33600935303143,1003.1026892098182
2020-02-28,9.512069308980184,2.2970771922760207,16.46904516100158,27.37452771546492,40.34753161340913,61.75419054678607,0.0,71.26575279536262,1018.7081996082242
2020-02-29,15.192083168239195,6.8562217852056655,21.60011676100876,11.985379304222633,19.593238636152716,21.168596382980983,0.0,49.87957729956623,1021.3045028374149
2020-03-01,7.4174244065365755,-1.5767237801317187,14.776925212940576,15.431145565481073,26.509259547577965,32.447245299741816,3.179207153265042,66.42283956964104,999.0646537671134
2020-03-02,11.641211438823495,4.573629015174335,21.095207367947175,22.337854926486255,32.43481148357991,44.643923650068125,0.0,55.41466153256931,1011.0187002141922
2020-03-03,13.314952433628317,4.866055100928975,21.16040792218064,20.635530343074663,28.386625402783636,31.661099454656597,10.249350066304856,76.97644473487075,1009.1456439300837
2020-03-04,14.767127261202674,6.224086028424464,23.191510897924154,16.372487537540728,22.9876705481296,37.64598544900001,0.0,57.2980115824495,1013.7603734593696
2020-03-05,15.324793493100508,7.367536054062397,22.209722821570562,32.713396992579405,54.05530396378403,71.72632335731137,4.405205462147496,47.78294654275551,1012.2667497157508
2020-03-06,15.754641279534326,9.449984324168774,21.60237688205693,24.545994078683748,32.30389436490362,32.737299416833324,0.0,55.67740815818732,1016.6925793828375
2020-03-07,12.512688140208867,8.106918138089371,19.11429003383524,25.349608169818946,37.45734641339979,59.34369063449688,0.0,74.21460284441454,1010.707334819576
2020-03-08,12.356795123451487,8.277767346250819,22.51487693090341,19.506209500176002,39.83433815489105,51.52742997735484,0.8840800160290556,61.767412950860574,1019.96832733081
2020-03-09,16.503433835495777,10.117430669081154,25.11793560841624,26.566941055857285,37.63286570414037,43.01447611792268,0.0,53.60264431247602,1014.0393027579169
2020-03-10,13.541862439358901,7.070289771685813,20.809794478542305,21.041224146251643,31.781235395253667,33.9069335243676,0.0,82.06892582959969,1008.4757422148224
2020-03-11,10.475544002679143,4.438732063364282,20.214979893092668,21.513024881281655,29.302656544372322,45.32092134454963,20.02451068594375,86.93264804808402,997.8306082012305
2020-03-12,11.090071864743646,4.249235108286823,16.4768164594731,25.96964255902621,36.18840258990724,38.98437867008252,0.0,64.80080698478152,1015.7884471263819
2020-03-13,11.919354648102285,5.158541131580149,18.4427011756366,14.75308063292595,20.971352536848368,32.64913572824809,0.0,58.808109582932495,1007.8895259868206
2020-03-14,16.35736356023951,8.174298355076044,22.737982484583547,30.865192052416752,65.1005936728532,68.01021784286849,0.0,63.763286017013286,1003.1862195517797
2020-03-15,15.481664422099783,10.938378905788472,26.393851795109114,23.772537056764687,26.25453184383924,34.43102375450732,0.0,64.15278487819408,1009.8639607661498
2020-03-16,17.314629367377787,12.18874103685006,26.55122086173435,29.24440995902244,36.160706439832786,51.69575475179318,0.5989069358574854,29.345232095646082,1011.0547075324771
2020-03-17,14.150425721534605,6.185400826736453,22.85714133986593,,28.626660680378436,34.068128600248464,0.0,59.73923455395338,1009.7387090831353
2020-03-18,16.09698134537994,7.8577970092616685,21.126891137146778,18.177763464795518,28.92416084570391,50.71166103328142,0.0,53.0703296879721,1004.0765213907437
2020-03-19,17.68742426418783,8.71330319608349,23.793284276726972,16.95890387515317,23.16931339981721,35.57906382385242,0.0,49.002684722361096,1017.3350016799812
2020-03-20,15.071960380839284,6.707400298903863,23.885208138677754,23.99329626338505,25.717350424772146,29.00193902503544,9.959080607078736,61.61792518584001,1004.1408638888194
2020-03-21,17.559672630386416,9.11017759502476,24.83798858927641,23.04372222654333,25.90521798118687,28.21001784549672,8.137624862837747,43.65367813468756,1017.1450812154005
2020-03-22,14.392859904650251,8.821120191500727,24.938542206724616,20.362347635321253,29.251755986509156,33.42054035204626,0.0,33.34467879955385,1012.1321866383228
2020-03-23,15.478654799760577,9.470346629713696,25.067000114611126,17.583273690763498,18.833486109046756,26.71389065640055,4.57700011723546,74.07732911489387,1016.222514447036
2020-03-24,15.611613012830533,10.271187488727778,23.295917449655253,16.288472262311256,27.99774307520291,51.16921497189526,0.0,60.54589383650711,1013.9546461096235
2020-03-25,13.358093849344794,6.326596858381215,22.855183714574416,22.34549862794369,38.703585379249674,64.81720733750603,3.7994958894199153,29.463400773930577,1013.8699956056857
2020-03-26,18.59503611427853,9.901009343243336,29.447462057235857,20.22508925252808,33.31401700273324,38.583168770231005,0.0,48.08338550317911,1012.8545924309121
2020-03-27,15.914081473284709,10.190877040726619,23.679966421493532,19.088744049832112,33.87977629154756,39.01096414844487,0.0,65.56662080075836,1011.093877726227
2020-03-28,17.547548849428974,10.762539940021723,26.402704176760174,30.214643884332595,31.517872528221762,45.4167563983783,0.0,51.63982751535242,1015.7384895800493
2020-03-29,19.13963700402482,13.658138851757395,29.65162469439259,22.028658222183793,28.421354359574146,42.240930180368004,3.223350811124352,72.84107517559225,1021.5549820134619
2020-03-30,19.223818114086086,14.37481824522255,25.715866086303127,28.750275689502303,32.26060185687938,51.766066020380855,8.537211678832024,75.28051210226843,1004.5433191890277
2020-03-31,20.066649135194044,15.090721486100765,30.385996617191715,19.692270680133127,21.71113975071874,41.56750047900145,0.0,38.71946548827144,1015.7179639760172
2020-04-01,17.96069304502654,13.670966322335893,23.54596128566444,23.53959205924284,28.985571267230014,32.898634262815584,0.0,53.28011081381402,1010.6259396973647
2020-04-02,17.171241706913356,8.42477409186707,26.061930730439236,21.99423076746746,42.00899609352204,43.86178385829263,0.0,49.62292690229555,1011.2289456884369
2020-04-03,18.38624579334625,12.371847750808104,28.083274723680958,13.738133739174703,37.23495561174682,49.774347024448936,0.0,38.32914046777479,1009.6255494461207
2020-04-04,,5.576278484393427,22.434520259918525,29.32131892841275,33.22033643915409,42.838074680375755,0.0,37.54870810173674,999.2282351055749
2020-04-05,14.650202315605899,7.243554952157443,22.623411140521156,21.456002958457468,29.603872710497278,30.552728146951388,0.0,45.32774144509927,1009.5584855047344
2020-04-06,15.205207924623492,10.245602117568065,23.909290524177607,25.81478135539438,35.93681034078266,37.741373494990924,0.0,47.30889508584834,1014.6072538129253
2020-04-07,16.362392988414733,11.485081755519294,22.2723752410914,18.272256119296927,24.698975997224295,36.810179683840346,0.0,58.398757326920354,1007.4691204840735
2020-04-08,20.733288958786318,12.673347951233595,27.02671322076763,21.156692411014255,38.26304973322112,45.611790188107385,7.426163029303595,74.21410840494627,1010.1521932407227
2020-04-09,16.99631472945506,11.672756176357375,23.615710793193113,17.5939874757768,23.103325957873153,35.412404658439165,0.0,61.163739469748435,1012.4525469282707
2020-04-10,18.75594968182192,10.189523763312042,27.34262572560215,28.054412620652172,32.885191162843334,35.96135102448834,0.0,64.00446688336989,1009.1097686713025
2020-04-11,23.9646548651556,19.264377841708146,31.616061307626026,23.376489801206095,27.447261866098003,40.397645321164646,0.0,51.80058614235559,1015.4119876465021
2020-04-12,19.1735055554954,11.784962483223051,25.640360610410436,23.598601771064484,29.99214993545824,40.506531825449,0.0,62.23600235935468,1013.9063352275026
2020-04-13,22.628914586666962,14.556545206512293,32.92577057953444,28.497030789767877,28.958058485967875,42.58899327891129,0.0,53.21950022091686,1012.759026583095
2020-04-14,17.788276588705855,12.61199464662763,25.031807630465195,27.42949425492755,34.04861929577452,39.6381515215163,0.0,49.70233140096661,1014.9722081195358
2020-04-15,20.144218844451853,14.763182027169023,27.8204091598312,25.415097249061233,33.91502195859506,38.539680686016624,0.0,77.76521138674751,1010.9282383041536
2020-04-16,18.080456594412773,9.257862163716766,25.538663053706742,14.419281315348574,23.29434839221195,25.416452200792293,0.0,27.03428852143002,1003.2825175762231
2020-04-17,20.08195375222967,14.758965725498879,26.173611483890184,17.98801053685147,21.321319460186505,27.707487983333635,8.648997629498828,40.30444629886062,1005.586698900561
2020-04-18,23.786996653645858,17.637211404145617,33.17675874622726,16.384426367328317,25.14272996220707,42.302020754468316,0.0,59.59239704960325,1002.2065783917697
2020-04-19,16.249569782182704,10.086991815970872,23.94031935579585,24.977987789196664,33.61091227530483,54.064701637492306,0.0,51.8202118176106,1013.2451872897475
2020-04-20,22.898651313010724,17.633477563362305,27.996193972367035,22.129041494795686,30.894787272573872,33.714977871371275,0.0,37.75618779799693,1014.8467811055788
2020-04-21,22.47077848801789,14.591823055832435,33.25486070217667,14.257711398029848,27.51178703548401,35.38757103634774,0.0,42.344668586034786,1015.5817431553426
2020-04-22,20.135607019830914,12.276360303685138,30.030188689403396,20.200093007923034,23.415762916759444,46.81881134687008,0.0,43.90713043765862,1013.9331090586351
2020-04-23,17.73861488167845,11.847024810559523,27.079971006229272,13.605861321222747,20.089150192129193,45.61855844666205,0.0,65.70803844557096,1016.8262531181272
2020-04-24,22.450107842343904,14.274478886940235,32.664659065455076,20.74233787577581,22.352733931008633,28.52892790381558,27.102679750249816,93.94133694799811,990.2127333438865
2020-04-25,20.800324880800403,15.73495020880539,31.241168402433704,12.662063741526444,25.12555272520366,43.329816803048544,0.0,74.67475078276742,1010.693332482248
2020-04-26,23.24002219063251,19.218493312294115,30.26496042893914,23.512998806444685,27.17094145758281,43.305966122779736,0.0,35.93186533348795,1003.8497788373215
2020-04-27,22.758802007836717,15.902965197558013,31.42455407833691,22.68775944222125,37.28165869420039,52.51543434058385,0.0,38.59451760986162,1007.6161031318405
2020-04-28,27.647850906812288,18.677462044550396,36.30069776204586,30.265944659437665,45.19156862142929,46.72260413827135,0.0,37.77248230599373,1016.3025233864494
2020-04-29,,18.07846687823846,28.87548644023646,24.89301668829638,31.848094170743025,36.85230700066108,0.0,70.46628406924012,1015.688971786162
2020-04-30,20.064432693519198,15.024442324976896,26.3961462022016,18.46574067596675,25.15895360353719,32.382972595271056,0.0,60.00669345303436,1014.5375839918415
2020-05-01,23.81580770553401,17.22123449309859,29.499251234448142,24.596559533601308,26.882203021473877,33.94272421094293,0.0,55.962390597636656,1010.0595684037756
2020-05-02,24.07886985907769,16.029166176853337,33.034755034576406,13.443044130817558,21.40680707615551,29.21669762304505,0.0,57.75554432616937,1006.8210050163487
2020-05-03,27.635143165181645,23.189933139806378,37.32065711136632,15.543434519963892,28.722574907285782,56.114281150970655,0.0,54.31866067433508,1011.6267521828294
2020-05-04,26.199375335311853,20.22320206651738,35.76509321241387,21.945246127917844,31.471305210976606,37.82183872074996,0.0,41.54629543112194,1015.8326833774651
2020-05-05,24.89883602254805,17.163457019398617,31.796488285657894,9.411345608012837,27.835683243326248,38.71154701050286,0.0,61.15807347741885,1012.8740049597973
2020-05-06,28.34999309491372,22.492277052881914,34.58155219770494,19.939197775178357,25.87553801288854,36.470091555145544,10.920226888524045,62.59454213182741,997.7301019078819
2020-05-07,20.52329808963529,15.579115987257095,28.24498316036302,14.945463333486002,20.875966147689628,28.76224452565357,0.0,40.596141838248485,1012.3916595634258
2020-05-08,22.297438366412866,17.31995922942993,30.578319127855927,20.47448665904865,24.341350387969904,27.340506564907752,0.0,,1001.7821564814728
2020-05-09,21.561636069047612,15.51139213447264,32.076158836858944,14.499858035783506,40.74402569169677,49.46553650636676,13.165666928434469,61.73964860031997,1006.3264818475582
2020-05-10,23.29413368625601,16.897048312226556,33.543072611900335,,24.195689897597894,25.121119559372037,0.0,57.72980184209653,1007.9056077750267
2020-05-11,20.453195919109604,12.144123830029534,30.94954590692057,19.824698681690613,32.39018007031656,44.069225438511715,0.0,53.5002500644237,1004.0258659901879
2020-05-12,26.605855064767763,19.394592971927793,36.707429375583644,26.648871995529305,40.00566365557463,40.734238664004955,0.0,65.6965452666977,1013.0888037653249
2020-05-13,24.148303878625125,16.696294106047617,34.93579110524299,19.599207875187247,32.58732038022687,43.51778788768695,0.0,57.6419556907473,1012.9087911288858
2020-05-14,20.514510765573,11.599574907893466,28.307510748587344,15.640350071560121,19.77665074339056,24.555679723996324,0.0,44.39559790171833,1013.1954972005625
2020-05-15,21.98950484270393,15.930287641199062,27.274345827302497,18.166724096859667,25.1189491123269,28.532016132379137,0.0,58.864038682462386,1022.1906973689063
2020-05-16,26.083418432374472,20.06664641612883,31.58479062526534,12.597145478556378,23.998896087051996,38.04958617015448,0.0,59.25626469367675,1014.575164768222
2020-05-17,27.761182165662404,19.144447327033344,35.102839016296464,21.265797175931876,26.165977878425807,31.927293279180237,0.0,61.13599568846647,1007.8503186685992
2020-05-18,31.338180681878168,26.108802746852874,37.88430322951615,22.100779582729423,28.360826045589793,36.74080237950832,0.0,67.43049105678296,1013.3418954305863
2020-05-19,34.18799093905582,26.53891470754149,40.20763448722223,31.41358476066307,36.38066888834102,37.97393609514896,1.8221202513761656,49.24811480411247,1007.2014528240786
2020-05-20,26.785248201853555,19.012382510762883,37.50447084890545,15.87418449594586,24.223102479849903,45.702437487953134,0.0,63.01522800616638,1017.7003287375074
2020-05-21,22.66619439649108,18.177254409263863,28.838711926954815,17.559860060251896,25.529558643760012,34.54745910930568,0.0,34.30219314591034,1012.5754522375881
2020-05-22,19.328603767183072,12.987446738715152,30.08487940107446,15.935242442501508,36.45953054492773,45.460482237007966,0.0,53.56018221654032,1011.4306868522631
2020-05-23,26.614929198086543,21.612116841478773,36.179962240013786,19.789564490255497,31.357606399558783,43.221355080134074,0.0,51.704081382308296,1003.0845169890897
2020-05-24,23.457116280243696,18.530239916231267,32.302790312995036,20.552193559660978,23.323962992494657,23.668582460099334,0.0,72.37414264216335,1011.8081636486405
2020-05-25,24.73108016028994,18.41193960797556,33.78719392082621,18.291420813465923,21.26291352403251,44.20137151663468,0.0,53.123974852282174,1011.5292337000689
2020-05-26,24.219117472859246,18.77196893531892,31.20796341481399,23.904313333451157,36.61645358346561,42.77794040818241,0.0,62.295865338059315,1004.3864646864274
2020-05-27,25.708311505633823,17.72800926750447,34.586873733983516,15.302034877393426,23.21163138187791,45.24225273042153,17.755339121418235,49.83846173480572,1001.533078300065
2020-05-28,29.400899211734096,20.862874754781686,35.52105192142169,23.231936626282526,48.506854951701314,54.4914948357214,0.0,50.77890442373702,1009.9027339751652
2020-05-29,26.74335521938821,18.729752192946382,37.36958781460409,20.907600433228065,46.13740132206719,51.040432932591955,12.976735993661672,56.522743985092546,1001.5692738081391
2020-05-30,25.862512126244788,20.53235776313646,32.673272166008346,18.068942601640934,21.91765837697861,33.2024314107203,0.0,84.7061334795463,1004.651852785533
2020-05-31,23.294599003221137,17.923927034778096,29.82571807698239,16.468351780657716,26.094041253819555,57.14904950598701,0.0,46.99843891454371,1009.7198096459424
2020-06-01,21.43757284513362,16.16393109454628,30.704549634298566,30.090303809213406,33.09413104248269,51.28544978644122,3.3027375870741387,58.85181270030415,1006.0443876048912
2020-06-02,25.05965936529097,20.384468885009788,33.99835167368806,13.78586454515394,26.35745146537731,38.56108626010792,0.0,56.51890962730204,1012.0139498953492
2020-06-03,26.411079970140346,17.69208812962179,34.11887348020018,19.27455471981942,41.66716720218922,52.822650072846756,0.0,35.92626050876016,1009.1775877291437
2020-06-04,31.926929054943052,25.916690064157706,40.72160646308777,13.947838261960374,22.675340299115092,31.334738262052575,0.0,48.687575073482634,1009.5406336445735
2020-06-05,27.061526704785233,21.938079332055864,33.01848513535037,26.541171346939212,32.32242639470813,53.68955738648053,0.0,59.85719815179106,1007.898318823677
2020-06-06,29.6633235399658,21.42996828742458,38.70329338437753,21.961447894910023,32.264834444221286,68.942139338335,27.042863247582407,56.02866730289542,998.296506163884
2020-06-07,25.258444960944768,19.262468447655817,31.882109132115932,14.049955570185805,28.34801254937023,30.42159462994751,0.0,27.39506833590476,
2020-06-08,23.23953987373663,19.063955818188298,29.87655573379537,,34.279754781310416,37.71253353084538,0.0,48.19610266594479,1011.2512393963443
2020-06-09,23.9338616975759,19.124153846327744,29.906941307238608,18.559482621783406,24.388989849107997,36.89674436566748,0.0,67.24985993736271,1018.4569981490873
2020-06-10,24.68516567272659,17.488913970945738,31.679428482943578,14.602841125433724,19.408437427590687,22.29316205351028,0.0,62.05867512775522,1017.7546892800708
2020-06-11,33.27466664326638,25.360140272407758,40.26217300513434,20.891988157513055,30.167818993191144,39.14670640616929,0.0,69.61640022190245,1017.9582396320671
2020-06-12,24.450284265924097,19.39561232348053,32.17535833613771,18.96316250655417,25.08638171905534,40.237438261945755,0.0,43.17223195092051,1018.080181001157
2020-06-13,29.451864587042508,20.864886640711795,35.594381615040604,18.010888992230782,35.1212204482639,46.46488306164863,0.0,70.3711544233487,1017.5465645164641
2020-06-14,24.24632742335789,15.991341823097068,30.404372640310488,16.638873092635293,22.707821518015034,25.161172430923802,0.0,54.46712742052982,1005.8281127199415
2020-06-15,29.76529374281244,21.523389972507033,38.01572517279181,18.920161560593577,27.212732567477182,30.830991541050693,0.0,74.10667001126727,1014.1552215044308
2020-06-16,,22.999336797032726,33.910906959051644,17.82861084382226,27.95933658377544,39.564244576063864,0.0,55.03965320900528,1016.8977022767532
2020-06-17,26.521836430662248,22.26915648741196,35.65521847859526,16.894313289129006,19.236975320807442,48.07172980444857,0.0,,1019.109590311162
2020-06-18,26.8751659433725,18.538048245959583,37.53884869854808,13.311356323694731,18.436568062448828,26.022505772019258,0.0,65.19105485568573,1008.380920725563
2020-06-19,25.035535050809923,19.50653390711709,32.59630878079619,24.903295999133327,49.4822859547523,65.0019042691043,0.0,49.677835864304285,1010.8645597314443
2020-06-20,28.337299849648357,21.242717943780725,38.74393172855242,11.100857872134613,25.008588407186025,36.42515558007267,0.0,,1011.6247270636742
2020-06-21,25.63005864653859,17.83022422803494,31.219958193293778,18.41011953104506,24.418827348697477,29.153982864156536,0.0,37.56284282716277,1020.5724770627335
2020-06-22,23.310859580133624,18.669393287578025,28.568605344387493,14.590227634843998,27.19576238991732,42.83954966096985,0.0,,1003.9841775195401
2020-06-23,23.143276046560455,15.239084273965215,32.471489311643495,24.909196521226676,41.83955567076933,43.37643638658514,0.0,48.74678591436583,1004.8776187422702
2020-06-24,27.481011672462234,18.788454377656905,37.04714111035121,11.514635930598462,18.232966573112098,33.08892311906614,0.0,,1003.2118858892215
2020-06-25,31.683432191338976,24.04155736260693,41.741781637133485,12.276903897120235,25.755400703857354,37.685154513560455,0.0,49.82508206088576,1011.8597713295868
2020-06-26,27.40580018266187,21.19968644025908,32.74670625306176,11.025907983843103,23.280763665754648,28.419825331461404,0.0,43.867057574208665,1022.827086796485
2020-06-27,26.546339725598354,18.16294903183984,36.20778205533934,17.414731333000574,20.461537976073053,23.606525117443205,0.0,70.83435008835777,1011.7090612109226
2020-06-28,27.732931911363373,21.095643761000577,34.99216430814286,8.855213234614496,15.600603363767306,21.141650770018586,0.0,54.11998301199725,1013.1650761080562
2020-06-29,30.76343487472261,23.039580235638837,37.5834606708158,13.25155998784185,34.11915728286916,38.540165483583735,0.0,54.23713591173813,1012.6333202606857
2020-06-30,,19.367809856578354,33.508483103931155,4.8068073501851245,28.94749762149469,35.58372576671765,0.0,39.62048871660256,1010.0764229317393
2020-07-01,25.542968915599175,17.796204607104144,36.51906344621434,16.695897703411575,30.67806496364856,36.71712819126295,0.0,49.508519743644925,1012.2284203511731
2020-07-02,30.054982187135717,24.615707806894946,35.4369637230489,12.918613751139423,17.911283166752085,23.047970758596758,0.0,60.14434988357199,1014.2743658716263
2020-07-03,27.979569478304516,23.39034997377536,37.94161756595251,7.906066039531068,8.824263448425151,10.287208185557926,0.0,39.40984007489377,1009.4485772222686
2020-07-04,31.254583589252682,26.06289094244238,40.09155020219585,20.70184482216704,25.182243981431085,27.900278716912833,0.0,48.5309476699382,1010.752429845037
2020-07-05,27.147879345871356,20.633504660969592,36.558362011442554,8.663719196024424,11.360090544246699,28.7491286295459,0.0,49.95464275111051,1017.0056510508142
2020-07-06,22.872488891698758,16.346104280233277,32.14279161122954,19.115857110619455,40.96130098737622,46.22908887385732,0.0,55.797289656567976,1013.498685434709
2020-07-07,22.386013365197908,15.47279161862522,32.536620275637006,11.55586961859861,13.127019730839814,19.86820807856079,0.0,72.75471574765916,1019.5234553213454
2020-07-08,31.384761176827634,25.40925198908818,37.48751359596429,22.999736573352514,26.12012589981007,31.88888401356537,0.0,51.400562404204194,1012.7591614489425
2020-07-09,31.54136973964452,23.60691283239438,36.54631744065263,18.67132969481409,27.81630863839839,49.51463771121144,0.0,46.71399205104925,1012.6064822604625
2020-07-10,25.767137169401945,17.201368417665904,34.35830810366154,9.815946572650688,17.686291973343977,22.013161624791923,0.0,87.95644758429606,1016.0979805300715
2020-07-11,25.088401278009812,19.854776010612454,32.21155311394982,10.20431367276565,30.423400349913404,34.47502854408391,0.0,49.80177575771884,1007.4626388796564
2020-07-12,30.551530820850633,22.868914732341192,36.29425480755346,17.751844240076124,29.509927814083504,41.63202529562656,0.0,52.712102065969646,1007.3946155679417
2020-07-13,22.772282840522866,15.382423577797642,28.8891153651483,13.3477900253815,20.45536919512087,29.9711867602961,0.0,50.70584356970761,1011.3077053324598
2020-07-14,23.3324698741689,16.717017377772326,30.32296574892424,13.749420417508091,31.0611437974012,43.427989668704704,7.077981049431124,58.04895373117248,1000.4267494079037
2020-07-15,27.866894209638662,22.92424304026786,33.288294434958885,20.894788174425603,26.776212382207476,38.58701207875616,5.064120690869011,60.49076697797364,1010.4860116557339
2020-07-16,24.67041682950523,16.694255536591683,30.011896042275936,10.72863758261433,31.993606229676438,47.920024391163246,0.0,66.0495577311193,1015.4463692463898
2020-07-17,25.753264948764215,16.950133520620053,36.249422477758884,14.868084292497464,18.87565111832347,21.26104109845533,0.0,59.84785267928087,1008.6184341080597
2020-07-18,25.189805548135354,17.580623886967288,32.06242204425753,19.125351197829094,26.79296040742715,38.0918553693024,0.0,67.92514676039706,1013.1568018883122
2020-07-19,26.60149315219934,18.01219316907067,37.49487733704085,18.339477387685022,19.42839452837119,23.504027334355442,0.0,67.5283440952892,1008.9400855660344
2020-07-20,29.71700899249018,20.79608266775018,40.50321104247258,13.438602524736595,27.894144334884288,28.88075593628754,0.0,57.50262526739051,1005.7330008397927
2020-07-21,25.66929858795333,19.909045216757143,31.524726281916013,12.736027531783995,21.526525976781137,33.27894658067613,0.0,59.51574364076531,1022.0488263222811
2020-07-22,27.22955601071427,20.038438246082585,36.519101828091415,5.4315024805601375,26.73249358983208,37.99655231007225,0.0,68.30484011522347,1005.978960281439
2020-07-23,19.044663970511944,12.675000282321555,27.649493305274362,8.790525761280449,15.358102654893305,23.481448168922768,0.0,41.66548086397021,1006.2996880113268
2020-07-24,24.943740980172652,16.010597245856502,34.087623418803574,15.610881813960592,17.9215914734416,34.042314734942224,0.0,84.97853442685961,1013.3853382642603
2020-07-25,22.452227755026463,17.98318863498784,28.029373755113312,13.278189323684096,24.048316357520513,28.154220616723116,0.0,48.84897843366872,1012.7353599386757
2020-07-26,21.21484022825951,15.15296565677339,27.34620070006686,14.291945135601553,19.53470698530067,32.692825227290946,0.0,50.78842094117229,1015.4059546581547
2020-07-27,22.12355440082252,13.74585917818634,27.58338636952781,19.064497054550756,32.19368171422768,39.42963640081351,0.0,40.45718830391481,1020.1770880104153
2020-07-28,23.639778083763424,18.219521531130848,32.26458331506585,7.883757057595446,11.96070696071617,19.644490546320768,0.0,40.814190304547225,1009.3202448799194
2020-07-29,27.271432082105484,19.33246782891112,38.19097853720003,12.592853202071435,31.52574278070847,32.709890666819504,0.0,66.68840882667683,1007.3789543930243
2020-07-30,20.423596587477277,14.509680773576,29.455503813424926,,22.960382529249394,39.19496191884876,0.0,82.24231933170702,1019.5999701071469
2020-07-31,24.371229580635347,15.471336881184556,33.63579879076693,10.163489671877862,17.291097103843477,28.23988553416143,0.0,48.193118670299825,1017.1019542619524
2020-08-01,22.70093381933382,14.283284637215282,33.608444068593506,20.798853976090477,38.93352200332615,51.73564927865193,0.0,59.167798337530215,1013.1603783883097
2020-08-02,23.04211381186548,17.535512023552403,32.110183136896254,18.142872988198057,32.73796694861957,36.34422317405476,0.0,57.641999148545956,1007.1399614801705
2020-08-03,26.902719526349394,19.051753958660118,32.14380896212022,15.010380022296314,19.5537760882107,29.59106642139251,0.0,67.0029347490011,1017.6963746888297
2020-08-04,25.37576602219074,19.691483303024395,35.57779962733032,22.49196244296839,36.81378024601042,44.03759190716896,0.0,81.62457357420878,1013.4938470640036
2020-08-05,27.638287818084986,20.60647361700731,34.82635756035776,5.988744590325869,18.435412790460376,29.805795809344463,0.0,73.25168101577903,1013.1823744220278
2020-08-06,23.024990466497478,15.732586624531018,28.05117219558577,13.40834544400051,20.82937597978956,30.527388196017128,0.0,52.13608862823103,1008.9509545518641
2020-08-07,21.260874671336758,13.112897625908232,29.30427973670168,15.243766714373338,28.821086607591337,53.37297354733313,0.0,61.34521162851562,1011.2103147808035
2020-08-08,22.535143478658437,18.412889274248364,33.157233483916016,8.805771155064923,27.685001660024277,47.32859262882225,0.0,62.536694112906716,1019.0896841934127
2020-08-09,23.790092219415868,18.689302763654368,30.334076342585767,14.849953053898746,22.429261588570625,29.010479174511804,0.0,54.75891242598856,1006.165771998696
2020-08-10,23.44611103591531,15.886521982972418,31.395190074232353,7.782680799583453,15.380528313563852,27.122934356457534,0.0,41.84876639803923,1008.693925412648
2020-08-11,19.514966382896503,12.697350198048817,25.557627709590847,16.738980874419163,24.04276712759703,30.18673846159542,0.0,45.41468537724374,1008.2545727555072
2020-08-12,22.88933404035777,16.411308649352055,28.235490070356413,18.547365940583674,22.945769123358964,38.770358200290104,0.0,68.77783181115058,1009.5040288514474
2020-08-13,23.150322765633923,18.87427298209402,28.633592445912605,14.593262022489416,22.11628727676973,29.582652144677777,0.0,70.0156959498646,1011.6038734758795
2020-08-14,29.86391705954933,24.12253764224205,39.22598249531746,3.94242183973879,10.876613704053156,16.34404976084329,0.0,52.50919162192976,1018.1613630854016
2020-08-15,27.786015720356954,19.460514560803713,37.97046254480985,8.348679651349084,14.992113163935418,24.926567403689383,0.0,58.13266472872105,1015.058253597497
2020-08-16,19.4379147722707,15.283450587090542,25.29770780778565,15.983861100945484,22.554290465463158,41.180322566560704,0.0,69.36716585595573,1011.9210616826977
2020-08-17,20.97588044513374,14.99369926830968,27.70579185199655,13.245402234416524,16.358560122099362,33.032991999445144,0.0,34.54877353560042,1013.9311833570869
2020-08-18,17.28636029566337,8.560618857309509,23.456537101532334,2.0,17.55306085002756,23.287680896642893,0.0,49.64377082993372,1015.4869956743117
2020-08-19,19.741538906013076,15.487135233288004,24.902673567571643,19.316083461113752,24.43498005178402,47.56841957605606,7.183538936691784,85.67964162081434,999.3344537927386
2020-08-20,22.295814788966613,14.547286033743429,30.616403008288515,13.768649771369251,33.32547569028091,37.1336099679648,0.0,58.591692594439806,1015.3590996052309
2020-08-21,24.8003154470772,19.51225236616702,33.999848467903085,8.974885930180623,12.682410838813464,17.606338725089962,0.0,41.44940698355879,1008.965573659746
2020-08-22,18.82772211536222,10.494677954593858,27.714987000672643,18.031390036671617,40.44335377069171,55.810559977327756,0.0,56.40738752288457,1006.7159450785088
2020-08-23,18.883267307652055,11.15292741285523,26.211588591465542,9.656729615498232,15.754224038676817,59.09273344337446,12.038579928554295,67.25722710721931,1000.2964226511257
2020-08-24,14.23313665044913,5.804610796157315,22.56319812608856,9.591455165641856,24.026745588214034,32.42450728206076,0.0,24.441604752057017,1011.0189590217484
2020-08-25,20.01491778533711,14.935293833180781,25.57951362515446,14.816236699566694,23.547502604315902,30.1060835036336,0.0,57.115429806293115,1013.9025268148193
2020-08-26,17.142249807642443,10.485786033549418,23.06807211997855,21.921897787440624,24.67319110676948,48.70727055331173,0.0,50.531025344890146,1012.0081609262666
2020-08-27,,10.67011961727139,29.157237052463294,21.12835008553747,24.010588184047066,27.20961680132114,6.500538181161154,41.14650684580167,1006.7014812465043
2020-08-28,17.348268703524678,12.119769988549773,26.917315190444057,14.804158916595366,19.59687586692196,23.14105187842609,0.0,55.98312706156371,1019.7042594668432
2020-08-29,19.518947776620397,14.365216250284313,30.055382351571403,15.314196890814813,21.15564069828193,47.392565439807086,0.0,53.362237218874625,1015.3669815553084
2020-08-30,14.350308130399942,10.214397462912016,24.850389837396143,16.957911367150437,24.70988449442822,31.32985933699383,0.0,54.710916973628336,1012.8041039515139
2020-08-31,15.043041714121124,6.250465244243863,23.93939741676757,6.715127924472304,16.778933862549785,34.916469930494735,0.0,50.82087255706285,1015.9457591249143
2020-09-01,,18.101497947820175,36.22101423676628,16.221899175860457,23.264023054308105,29.053440759444737,0.0,42.74394937655032,1007.9837490783162
2020-09-02,15.220269683369283,8.042467913318358,22.72049430186406,9.333382603083944,19.032506601067034,23.78553437480577,0.0,37.54236599682104,1023.0189827189233
2020-09-03,15.60996368464416,7.889990071169207,20.631661153353807,14.600213228205083,25.40161386476973,44.15124525757416,0.5198898080573998,47.179621543956166,1005.4916270108403
2020-09-04,24.227984570254236,17.56991997677704,29.603411265331193,11.876036996422535,18.692138907084868,49.159458571853236,0.0,65.31102536891277,1012.7620224554042
2020-09-05,27.248563880257954,20.867894774805904,32.905487834462846,15.526446654835176,27.83880957898377,47.56478298969711,0.0,57.79684352472094,1009.3920471700637
2020-09-06,14.834030183361731,8.586368977744128,20.406150902458894,13.61942779056254,27.78224203663811,33.268725153301745,0.0,54.16992004664092,1009.210591817369
2020-09-07,17.05865491736525,9.856458856847043,24.168869262466828,2.0,12.988279882001862,21.107155528040416,0.0,42.52278221114213,1010.780474236126
2020-09-08,19.002099095802716,13.9944242188408,28.20972393845886,13.944796083089138,25.35585451072729,69.43278499936156,26.658860677483226,50.51302080574947,990.8163029850213
2020-09-09,22.976970075540464,14.536676600466116,32.720862915143435,16.27401754952638,25.389225714370923,29.672123042651986,0.0,63.845890700286546,1017.133327166885
2020-09-10,14.643219930833913,6.584458074737588,23.18449957690166,15.307272657931808,31.740830883892375,35.83345554999955,0.0,61.05740514982589,1004.2153613945018
2020-09-11,16.680396414152064,10.932578356891895,22.55901346149394,12.580537917599054,20.46034291287519,26.365165634065715,2.884252727479554,51.86944101745901,1015.4066416927479
2020-09-12,19.560261806523876,12.667215322461253,29.04767141941293,21.321566752123744,26.182320015741713,35.31937261644175,0.0,23.663174182386378,1014.3153406712437
2020-09-13,18.344202471389046,13.639065971638974,25.47301398621464,14.686363369746202,22.732818875842494,31.107663407713634,0.0,46.901828438061024,1009.685621510227
2020-09-14,15.722783057877795,6.8610518182098055,20.800743149908573,15.338046891707997,18.131856800108,31.99824588681616,0.0,49.207665788672344,1014.943257898953
2020-09-15,16.260877157475598,7.746413719324181,22.944408880672093,18.393759781978567,20.89729606333841,30.395507654548563,0.0,44.11472874756686,1011.0759105020163
2020-09-16,12.34855713793989,3.7390696054438877,19.332160462785758,15.007316079121491,29.214273867946115,42.16971814338385,0.0,50.04189060232354,1005.1128272272614
2020-09-17,15.569481610574467,9.908666372057208,22.214954821883083,8.728737099969454,28.48735906664578,42.908095075457055,0.0,64.79860153834262,1005.2747278666485
2020-09-18,15.295514495748712,10.449840958834432,25.166735414874225,2.0,8.239993721676601,13.808163219553862,0.0,54.552442564521826,1017.0412085240969
2020-09-19,16.6018327031032,11.542971885771646,26.16139108866774,10.886413552773881,25.181900697857188,32.52928708848129,0.0,66.8763525748593,1014.2405665137466
2020-09-20,14.050015501044495,9.600008545819046,23.223327683520345,17.105447339696106,18.48939142216599,69.9701492630117,0.0,36.89953497225515,1013.4366483582712
2020-09-21,16.941371004585584,12.340817854078661,22.775401475659176,11.565332198796344,22.576856169498583,27.7677660398383,0.0,51.339231304540675,1009.6558888778727
2020-09-22,18.375801402435766,14.019278731511537,28.222804860673456,17.368183443512663,25.270585316384736,38.749648915041746,0.0,31.731734669859996,1010.2572545343871
2020-09-23,15.615036711437302,6.665921365412935,24.678092481417245,14.138784441018192,35.955287464821794,38.512066430953915,0.0,49.88106964195782,1007.9789410944567
2020-09-24,16.015364977208417,11.64507656036305,22.184391096096768,19.869690410384255,27.002797866078456,41.712767166292934,0.0,42.452110536427924,1002.2148596442039
2020-09-25,14.931216964394963,10.268506559637895,23.81978054608406,11.988847400383515,15.471839858899996,19.964213020549735,0.0,70.37503400114059,1012.9854902724464
2020-09-26,14.584023227295855,6.447750249342173,22.48509307331794,15.839919784577223,18.03889595758871,26.644465908701015,0.0,59.91654407012207,1014.9064399124093
2020-09-27,12.23153473325284,5.330333649538124,19.86763510439019,16.069518590379055,24.111566677558343,26.251216620549478,0.0,67.17795394711617,1011.7213089922573
2020-09-28,15.158605642696243,7.286519619849581,20.831344623530576,21.087671813439144,30.190342457621014,38.14915063059339,0.0,49.847826096724845,1019.3171944914528
2020-09-29,13.73070776177835,6.576147722915074,21.84053341684934,5.087354942607394,11.909000394322065,19.994661977768263,0.0,42.76338283460028,1008.1908392167019
2020-09-30,20.116103139062446,11.705227787417705,25.71569399289663,11.370676853586227,25.874202228356058,33.00662135626084,0.0,42.38124406553874,1007.813351081278
2020-10-01,18.37133463758797,11.178996998764267,24.35685496111357,17.948760735563503,36.367037881975804,47.81675769065926,0.0,58.185271369250295,1010.210039296122
2020-10-02,14.62417728513277,8.013551820617016,20.419455170781347,21.480396941255602,27.670043777050882,45.35046853074384,3.0235072542208616,79.44309445911986,1010.5565738572941
2020-10-03,10.99358438562541,3.429835916818911,21.718234060045454,14.997265535038009,16.64928969222511,20.177996443643654,0.0,59.94858750424586,1002.9965634210349
2020-10-04,9.762445164041667,3.52548140508112,16.47163330670501,12.380626046063526,22.118179822480965,29.389189679754004,0.0,50.502787248549005,1014.6957630260059
2020-10-05,16.49089143207522,10.760572317551546,23.622117373651264,17.67820907686015,34.3232542218002,35.642813075939394,0.0,52.73474973848099,1011.093096064508
2020-10-06,13.524406663433023,7.186144401181961,20.45689030120924,18.28581808112161,24.49591755903755,33.903315686584634,0.0,54.62439601897843,1000.7286476469789
2020-10-07,13.99625275988074,9.147682234387936,24.3857554309496,12.194886165790079,23.604622813595185,26.884207445173868,0.0,79.31971072213791,1010.8757602335362
2020-10-08,7.14274873460759,-0.8401099144058666,15.520544202616922,15.696808277103845,18.96922473154465,27.283820860019404,0.0,69.80330279001859,1008.111908680575
2020-10-09,14.980580005296474,9.67706109861675,25.495539398896344,20.001157056705967,29.5783532583553,39.26924384688598,0.0,58.11950804980439,1008.2966306896778
2020-10-10,13.384409976615647,8.61675224493041,20.183959411583018,23.60522083195257,35.1545428907958,36.761713408651715,0.0,56.31678361367327,1003.0363146429913
2020-10-11,8.513920329512954,3.2821591205968206,14.202928376104648,17.921495753783645,27.683036146488423,38.48229907603506,0.0,58.59224068443851,1012.9284879713946
2020-10-12,10.255932534429022,2.045581775567822,18.59324325077407,14.48583404484519,39.94504489438531,57.04900979089585,17.706488826874505,76.86714797558398,1008.9638807552561
2020-10-13,12.288236066097728,6.63722958810907,19.361458016837833,14.05253900499053,33.659659297921934,46.280085586977265,0.0,50.04162456429285,1011.2761689761631
2020-10-14,11.482396655403637,4.052147307874136,21.293837656348128,17.168762594488552,29.97179719770208,33.57971989576429,0.0,,999.7073099115264
2020-10-15,10.277779814733888,1.995731661455192,20.55432026820384,13.863352676193873,29.5148653168252,37.42931528472097,0.0,,
2020-10-16,10.674561567209068,6.285838232583857,18.5100026326515,15.450910859853705,24.982614387488724,33.590001161571955,0.0,55.2637927668638,1010.2794138808815
2020-10-17,10.061313280966841,2.2361912550766263,20.889467425479893,9.275354841227287,16.933302114971852,24.313429218168256,23.547269803569975,87.5772780529926,995.1813071071987
2020-10-18,11.108687758111813,5.570360426216663,19.42676579617825,21.113067888291067,26.841962032319408,29.271281234783032,0.0,74.75390498531732,1012.7418248521071
2020-10-19,14.900815971075941,9.817704150155727,21.526338331393816,8.990903273045213,12.204220311934806,16.355778568987926,0.0,61.24737680919472,1017.5681905938466
2020-10-20,2.623338376031729,-4.821168886233132,10.557191468097376,12.596293392560028,32.779884114308615,39.654066961278765,0.0,59.302581754840844,1006.7405499733879
2020-10-21,9.451418676689684,0.9024355630235164,14.67528043110725,15.310804799808182,41.39371538173043,50.98351667731275,0.0,93.40291576620477,1000.572278638681
2020-10-22,10.531892440170182,5.056796396608205,20.355899401748587,24.844700657238853,33.02297977185641,38.18559725362358,0.0,57.48424153935781,999.9881918365072
2020-10-23,10.73250008254936,3.8883310556277646,16.341110387675883,12.844200725162732,21.12171345814071,22.267487850136465,0.0,41.91343830584382,1008.5033175133523
2020-10-24,8.57276130908856,3.123590739841103,15.425252240106591,11.696287495394198,23.566654432181885,29.00168889762341,0.0,51.62529721393615,1010.6874844888737
2020-10-25,4.264196877347045,-2.5072310512850944,12.656096159376705,12.341914046062023,19.498438202508183,44.026054755212634,0.0,73.6202165409465,1009.4952064514364
2020-10-26,10.366121755668178,3.2568116023964757,15.62397250954957,23.46097705660097,27.027549630740374,37.880726425361026,0.0,39.46999179663944,1007.5294570920771
2020-10-27,14.413920042895949,7.362243098945051,19.889821437984637,2.0,4.721060836552864,14.107771513956722,0.7859864490773143,46.67787255433382,1016.7383452856192
2020-10-28,4.482024824697409,-2.6357070235163205,13.658722970375486,10.29628408156557,35.80570349076754,39.90090977645234,0.0,68.27712167162221,1011.9432747071145
2020-10-29,11.528882195492367,6.853483234404746,16.959544753856978,,30.931265337973713,36.57850583594683,0.0,51.74055228984359,1011.3582772131049
2020-10-30,7.807704401331382,0.3400020533977841,15.670201598815641,18.411055648197664,28.425912422832713,29.46844575725504,13.582967887277292,65.90172165483162,1008.0270681146569
2020-10-31,8.467324456164592,1.0935726742634753,15.499498256689094,10.001197502504013,12.134008180530767,15.983360805688594,0.0,67.88047384156755,1009.8983620089438
2020-11-01,5.352796963640976,-2.0601436474434403,11.721273411379475,15.396740888547201,22.80879849390196,33.267203943292564,0.0,46.39814589215247,1006.1058840506219
2020-11-02,7.370537987175622,3.00018522348209,13.503211374357615,16.01952147582505,22.18602198524932,31.625058291991493,23.419188446522554,58.45404018360556,997.3508341078144
2020-11-03,12.138714072917924,5.904519860847161,21.7191818353134,19.989479520825974,22.45155202504814,27.206757522731902,6.198892714477221,43.91237179267907,1005.5763069805953
2020-11-04,9.853519675527545,3.8083440152988963,20.56277283442924,25.03363205136066,37.17935857605133,44.55434467261838,0.0,61.981365320915465,
2020-11-05,13.171801721278468,8.738244303062473,19.01288017449846,17.856790393334492,21.218246217635006,29.597458129465906,0.0,58.10958512596953,1009.0894198696199
2020-11-06,11.378793547598528,6.266953908114475,22.136880862643288,13.293618538905328,15.468963829731946,20.44649776328434,17.163145720710823,62.136032989287784,1009.6223353410959
2020-11-07,9.037924933936637,2.8331117749464525,17.60649995478726,20.007105179272987,33.04507349493971,44.356412864705774,0.0,41.09450055031439,1014.0475061288485
2020-11-08,12.829028837807405,5.1144972885169935,21.678991269986945,12.660113801232328,18.84681206214271,28.157574341030845,0.0,51.75312249821359,1014.798897475459
2020-11-09,8.793255021177451,3.6079446362541354,18.052813290032944,11.064931909172994,15.51923169890603,21.339213371282764,0.0,68.39820743500567,1013.330205461349
2020-11-10,9.841816124525318,1.6930665739007598,19.066529466652803,7.512841142247208,21.07924544158974,23.677370284506328,0.0,44.97018455404893,1019.0826058144717
2020-11-11,6.352275637787106,-0.376715790910211,16.271142286901235,8.56800971903617,11.78733262617865,17.264482560446083,8.191752231356887,54.42036874479045,1003.8351845160549
2020-11-12,7.328358038047223,-0.47375038787586465,15.229169946133407,11.993168096097193,13.690190722733853,18.865137402669525,2.9419096795420923,43.36145990343134,1006.6513809420046
2020-11-13,4.925809964194097,-1.4369699524901884,13.125961489282304,10.668638997092597,28.309946677313327,33.05615064896177,0.0,50.591045330773944,1016.3749843668458
2020-11-14,9.878855617821557,3.38288449071044,16.821817632602052,18.20639184920306,41.50536758044834,43.19001732520359,0.0,59.056947888598955,1008.9122193471263
2020-11-15,3.2699088570504027,-3.8286880898477986,8.901454419749106,10.726224395298882,17.997986938783132,75.30632479021426,34.117229499547804,80.38202988451708,998.9927635008199
2020-11-16,9.049311396369287,0.40945835554016696,18.037152541926602,2.0,2.3145556502123403,21.929744274607962,0.0,57.61337815383924,1017.4124397862505
2020-11-17,6.030502960236426,-0.42855994682812426,11.232162775353931,11.670833562031838,18.872973913467394,26.04208030014425,0.0,54.35586273715577,1009.9767191045399
2020-11-18,10.019177871852932,3.375890181311477,16.672988178353144,14.615179262049807,28.6920108397495,38.24822861880765,0.0,65.35523927182157,1006.5085708966739
2020-11-19,8.66383746039124,1.6538526427535931,14.229216647067842,14.031619011423956,30.551647706606975,41.72157343782837,0.0,,1006.0904937796736
2020-11-20,11.781804229231513,4.094228542742885,17.92616717316782,24.741157675638533,28.275437982214513,35.534091454767726,6.82537737064867,54.21090986118361,1008.9537424224735
2020-11-21,8.423693524491512,4.0644418470603405,17.256079001875797,14.160743100232846,20.573183590524117,30.635549747068545,0.0,82.62472088116093,1012.9430999445747
2020-11-22,1.4296470349562806,-5.14879015765358,10.20050681618579,21.718223455429662,31.20538639161085,43.53202814112495,0.0,54.70739977247256,1017.9029258745381
2020-11-23,5.862226655733871,-0.545731290296346,13.388556133708143,17.30404677709893,30.853558232861527,39.90841659552889,14.389300786247771,70.78687455189254,1001.7268696389394
2020-11-24,2.4673274911791734,-6.141097430008678,8.00835935011612,17.27296788439983,29.892958035978886,43.77908928591788,0.0,61.61618304743358,1008.9803090506135
2020-11-25,4.351740586247848,-2.1157923159338576,11.951984085004298,13.393274562072582,24.704860750635035,29.314255972112754,0.0,59.15046841135544,1018.4924385400393
2020-11-26,10.366487355706138,4.024884682234482,17.4829565868559,17.362074608084562,33.85459096832798,41.762830212974066,0.0,73.30477202649507,1014.8500453211389
2020-11-27,7.6746381912753145,-1.1363617513981952,16.997393108411014,13.916421029396647,21.566259010546364,61.908096084381526,16.195086121391032,,1004.3920096065361
2020-11-28,3.597513905014014,-2.655368412990394,12.071673554208324,18.678013513159122,38.978730248326386,55.156803358090144,0.0,64.40058698623245,1001.3481268498444
2020-11-29,2.588475323384177,-2.3159468282262745,10.53786992740617,16.732685056102383,21.98483594297451,31.194043533161683,0.0,56.97482134461975,1007.6430006971376
2020-11-30,5.666368898494894,0.5817882844659525,13.588261392324865,13.276860334042002,26.02767674916379,29.564683303120738,0.0,66.79267834131429,1005.8253745006867
2020-12-01,1.8598285889217157,-2.6161091027631547,12.65760991248423,23.045538479282147,28.887677942940506,37.1084710368111,0.0,52.42017460038066,1010.8491071930557
2020-12-02,3.440683180949996,-0.5621574653447268,12.978448511170699,20.30631045822086,27.65496674806672,43.09656297431182,0.0,50.795015726162546,1008.3100494150822
2020-12-03,6.337852380448098,0.1781240754456883,14.319729743208864,16.01778466540502,24.212108437506924,37.52006364117079,0.0,63.784881849112146,1019.3827081985854
2020-12-04,8.818620495055383,0.9724075885642751,16.69395617238925,19.07147736918815,24.668753845006584,25.933981193865613,0.0,59.29591908507977,1003.442500854379
2020-12-05,7.132984253753646,-0.5343479602455332,12.291858861583426,18.010711386177416,34.967825574000024,36.723314749272035,0.0,45.15646837209678,1003.9481275793364
2020-12-06,-1.60998458275035,-5.770730021764601,9.04507099716849,14.177553800920805,20.233976847816628,22.079411794722475,0.0,71.1473474369711,1013.1880473972267
2020-12-07,6.137349578990389,-0.7125649389797752,13.052393409594366,18.95352136960258,26.854405577248563,38.15292994219999,0.0,63.79011250130152,1013.5790194122336
2020-12-08,5.403908647917929,0.6324930208505481,11.939543139202392,15.58133508652945,27.360927672622424,29.233466044480434,11.805720686063726,64.73469833150472,992.0573193515955
2020-12-09,6.3962412065159455,-2.30914021730754,17.392694758841973,14.04687492522091,46.547712673199264,49.94349668097142,0.0,49.38122665922661,999.3407923031939
2020-12-10,9.973175552397878,5.136350554176982,19.285313581425022,10.742629069574763,22.809071206421695,29.863695311575785,0.0,59.36957076248302,1010.2606208533336
2020-12-11,-1.0919695343422298,-8.225165622829637,4.192213105453498,17.14809678152307,25.54572802436749,42.774431392329305,0.0,62.925822688321404,1017.9483589537698
2020-12-12,3.300864382485126,-2.330327428335158,8.672177244638585,21.86037579726171,23.28527653166167,34.97354271835918,3.424855909904376,38.95346943126398,1019.2335849913834
2020-12-13,6.8265605462723915,-0.3812460835493692,11.979569930033579,15.636310798126528,22.845226136399926,29.24733093070423,0.0,59.50817107027398,1009.5007286287248
2020-12-14,0.291968882342303,-5.769324099978073,8.889682279419517,31.796907290819593,36.66639406042668,50.82940456483503,3.167729797402456,65.68161324662462,1007.0629411051327
2020-12-15,9.450758374641213,1.652543113109239,14.880145375012923,23.705194743844597,30.055340645883454,59.38247990818201,0.0,26.770616800386744,1006.3073701166943
2020-12-16,6.117392966666607,0.9639973400273174,16.71772310773619,25.881441450972915,31.632911191467638,39.909894902084616,0.0,57.35427590494348,1013.4210953207105
2020-12-17,7.544742869969282,-0.9842163946020186,18.16618211010535,23.418627224771836,35.12000557178355,37.568644109372734,0.0,63.335309612746954,1017.3746470867021
2020-12-18,3.2880857702324993,-3.2129624763342615,11.564410170720977,28.788930997974305,35.88826817891096,39.395630667371364,0.0,61.97053977117455,1015.8968634600636
2020-12-19,7.44139293280054,-0.339072805763724,16.141226521176247,15.671338391099107,19.678328202854324,23.15517610292045,8.79982121566718,72.54921935147036,1007.5033370984612
2020-12-20,8.207961146188314,-0.040689810817820415,14.959327555339813,6.883927569677461,21.346586862578697,25.578698079316812,0.8345174609051549,51.82026661059566,1007.1880947144845
2020-12-21,5.706883936774988,-3.287259117999037,11.090719191224627,17.537752569117444,20.477425563381345,26.522825250072916,0.0,42.521122783894526,1011.9693711870419
2020-12-22,5.720413045384881,0.6006847174150902,15.145175716535775,22.639715592191056,30.770056934381763,40.568786090979216,0.0,33.40306801881524,1017.2884249820106
2020-12-23,5.840455013655467,0.405992945838193,11.451170946149572,20.68590188995793,27.932094416729498,30.01571455191349,0.0,68.1066788868167,1008.8076003457576
2020-12-24,2.454855248162885,-2.7973101854965563,7.968201094273244,21.384803000868786,31.59889596404205,34.10431142083217,0.0,63.43678592553212,1001.1830204586549
2020-12-25,4.62101698344547,-0.6933396773534435,11.488355638670813,26.690518026410942,43.29393011814093,55.54261936031947,0.26983152821434303,69.26471554533452,1006.5709484515844
2020-12-26,4.627988099045668,-2.284235608651219,9.70278205807296,22.074165835064655,57.67793817165248,62.873341518930076,9.615652698690763,54.95239112269195,1000.1453541574649
2020-12-27,6.260924147099602,-2.706688468629614,13.865137841637498,24.23571134665716,32.629489350483496,36.45281071155366,0.0,64.64603707150437,1000.99908579108
2020-12-28,8.138628874397034,-0.812761561066738,17.384714334877494,15.61993764525046,20.42838361544853,61.27059655745411,29.721226444437864,36.967828576518414,998.290997164982
2020-12-29,1.995179769791756,-4.638686387019782,11.80327335832339,14.916700754498757,19.373443858291402,38.66388704374247,5.2723823018184515,49.311221367118875,1011.9878155866242
2020-12-30,4.8306017360535645,-2.364534315269804,13.456445558847092,28.53944736592232,32.98001014117995,46.441539688348676,0.0,56.51172659809404,1019.3524615529146
2020-12-31,9.688034886414695,1.388182167906665,19.76928010509817,21.047862394995864,31.00978907951393,43.82807877330724,0.0,62.95849155791705,1003.6866468538574
2021-01-01,3.012903557000082,-5.651763735267443,10.451916779602744,17.427208802029845,18.53714454819876,42.44506580945021,0.0,75.14814937476429,1015.8720354742139
2021-01-02,2.818144941232414,-2.2011581954153057,12.910777451595273,17.51010556909216,20.298134666700545,30.442308886682127,1.8494115949699537,53.783701650692095,1015.8647547583894
2021-01-03,5.936215435127003,-0.7064932095852621,13.97505529811728,17.444410249500212,27.412630586585426,52.7828935025785,8.891679854957875,52.613515207993316,1009.0403701392099
2021-01-04,7.910016257252558,-0.25416901605500364,14.24823302524233,17.217381460608888,32.150021578764054,58.8727137473624,0.0,43.99421346602285,1005.1434885989648
2021-01-05,5.46185054408667,-0.05415983908628785,16.126724424049467,14.417769768437289,29.407942831087155,31.56122943135643,0.0,46.745848659708486,1005.2641751716243
2021-01-06,9.468298678800005,3.2692534663976716,16.118123921822704,13.40189935616646,22.074092077713182,23.648137543771316,0.0,81.65232155770144,1012.1748699497622
2021-01-07,8.108760268452892,-0.8193452391071485,13.26596917357965,19.99861154653172,33.70127361423433,36.96864696267489,0.0,64.0824829736135,1010.3956972570963
2021-01-08,8.123899938971617,-0.8013335446327385,14.579944196701778,18.077754998973635,34.867721609909246,52.87577538775969,0.0,68.35038220434951,1006.9726726353701
2021-01-09,7.323932866611431,-1.2066011872144777,14.524058234155998,26.64603016942081,32.63513838719369,39.35490480831178,23.22019161846946,73.03034541046378,1004.9528185003525
2021-01-10,12.710749783986078,4.71850805984579,19.818847883721663,22.64254477078547,38.346310814197196,44.41577666481008,0.0,54.98021581121505,1007.2442954654101
2021-01-11,5.1815564140307036,-0.16409608958332544,13.329561470692132,22.569736205564823,24.58444566571298,39.015481189186104,0.0,63.39117407150228,1001.8438294295479
2021-01-12,-0.14125104108252273,-5.74550141141846,10.157510251133019,17.592571053439137,20.31264161678287,25.28831933960006,0.0,48.93041493062873,1010.8328211849584
2021-01-13,10.757355214512753,4.020941008488379,17.511384577170947,20.76707601526485,27.025153797485988,36.226465305409675,0.0,51.50430536143988,1013.3475936716056
2021-01-14,4.649749766300527,-2.154137106509534,12.774373414055539,23.240269354275537,25.017935455174992,37.26242007953829,2.173034698661193,48.85927943362899,1011.8705980926984
2021-01-15,6.427701766854423,-0.09981232993091194,13.4685354889853,25.078270333821614,36.907354016428016,40.45889484764314,0.0,49.63008760291462,1011.1350098332356
2021-01-16,10.116857243526546,2.9335058439450155,20.04749559976575,21.088823978817047,26.428320401550195,29.265367255691,0.0,55.58774335003987,1018.5056970115509
2021-01-17,1.468478767446225,-4.573136345718719,7.414087847177095,27.013839088100607,34.31545143099276,42.556943283076194,1.8664067779504556,46.81924458618789,1003.3455260378652
2021-01-18,2.6102496010949094,-5.135621185482756,8.23131121095526,21.71703165935964,29.214020208811313,38.27433911671212,0.0,58.431747749552635,1008.499355226925
2021-01-19,1.6541462866178733,-4.0136033457739035,9.672117806043484,25.699096031071175,31.84113492286081,45.49916700539967,0.0,58.414980946613404,1017.9490999516229
2021-01-20,4.1711875888898975,-1.4821973958418653,13.202513103482847,19.342267999447063,23.760540775592894,26.951068789868525,0.0,52.8490162857258,1001.5991694488397
2021-01-21,7.970921811248174,3.334792001789034,17.744073017792772,12.78413230157648,24.236630690616032,56.1096396171639,31.764417847055416,45.07048173323895,999.7163138684355
2021-01-22,8.325761066459052,3.3822000163144557,16.863510183890952,23.24327419544649,28.49696768389287,55.04388822023171,0.0,56.25955658742234,1016.8700604236012
2021-01-23,7.685945647961774,-0.5666587466450137,17.32904421587578,25.581348599517014,33.007449019018644,48.93474978611939,5.73470135328003,,1013.2516132251775
2021-01-24,2.7254602619963446,-3.5059514309058635,10.081720613361888,24.88354209991123,35.16732406223355,42.39387748602829,0.0,55.559130005272415,1013.0254832548967
2021-01-25,0.14276004102109674,-4.996578891743072,5.339966062619911,24.168628602224004,40.869297626592726,58.58037603468701,0.0,68.17752960884121,1012.2968018648196
2021-01-26,7.348088786249704,-0.4486167138622328,13.044684633659044,20.364447936737136,36.22467979112272,39.42665261439256,8.06161847582689,47.220175222995806,1000.3303731781425
2021-01-27,5.884269674760445,-0.8856359543238526,11.116605282134422,18.122121874601078,23.73749513181997,30.32001273473218,0.0,81.0818360427205,1018.3052611498729
2021-01-28,8.794902953371304,4.689122896254837,15.76856485623026,24.961733373391294,29.19953485811483,38.20205574482387,0.0,54.12971689854711,1004.6197612148538
2021-01-29,9.642297782940494,4.060490496256918,17.61524583055259,24.381322538629014,43.28423899296176,49.27842017917213,0.0,59.94207128687105,1002.8052990541889
2021-01-30,8.073360402911858,3.188353347305153,15.211265304853494,19.489324337159882,24.721073232892337,30.889183485555275,0.0,45.96699891709798,1013.2312096708848
2021-01-31,10.063706291465454,2.784341986551251,18.427303141863806,27.884402719608268,39.03044919705686,52.2075035437987,0.0,68.70653859449978,1006.6803601418555
2021-02-01,8.598046869741365,3.222891666590101,16.48170176069809,17.965130952983213,19.65083705497257,35.73291248528521,0.0,53.49248236659196,1013.0858579369528
2021-02-02,9.630109695549363,5.305375799499645,18.697766506733004,19.502720655761618,20.579983562922337,26.06390080772713,0.0,50.27058028240992,1014.0668378619629
2021-02-03,6.057757366290831,1.7830824203024846,15.059530347671268,30.642032794006067,39.03003120848855,41.30811018420128,0.0,48.093819744693114,1018.0360440156045
2021-02-04,7.767124160937506,0.8584876711439318,14.675509043589582,26.84106403693078,33.5597056458619,35.37604748577431,0.0,51.77809569052966,1012.1346670809528
2021-02-05,9.032747850510535,4.924130571990087,16.110034582677084,20.745022534558068,33.84369341193907,34.75826182269927,0.0,60.0201678754349,1006.8307744674169
2021-02-06,11.042705619089856,2.798745053409414,19.553592548937676,24.00754348914442,28.467041831759218,52.106940030827836,0.0,57.07372828756691,1014.1123835161668
2021-02-07,7.540795682661221,2.7638100863748427,16.119390490006275,23.378817661202365,33.14137657858063,46.35761103191272,0.0,54.521683202676726,1005.8700225128024
2021-02-08,10.428576595811542,3.395744919834393,17.31677607763434,8.90963909300909,21.550721895680567,32.77378889775756,0.0,46.46294298460216,1016.3331693375281
2021-02-09,8.212728314461911,1.9892881744081823,15.194635629114462,18.13681639674772,22.73892492218766,27.642270242168614,0.0,45.76991831290029,1011.9123008595182
2021-02-10,8.804859265166067,2.5906016590065546,17.969129344282948,22.44504720416307,28.697810281590556,33.577054591471615,0.0,49.46950860904323,1012.6980475385461
2021-02-11,11.795311554805831,7.436325843005602,20.67977649206225,20.94492455433918,24.146448315478555,40.594634963872366,0.0,60.52330854592857,1002.4747628671048
2021-02-12,3.478825330269136,-4.534935920791942,9.289130158347785,23.99079540562787,37.40016978026574,38.9825488407523,0.0,62.94711850924484,998.1362465570528
2021-02-13,5.721780007783906,-2.7434824159823563,13.368031285836267,28.428585697699127,39.97993742599824,45.66263870881218,0.0,64.56453036277622,1001.4958882240331
2021-02-14,5.3197244884692445,1.2646411515481022,15.675960960732786,21.197969996091864,33.32983895479636,51.43363952285476,6.14262879030345,60.51076318880741,1015.6580640401212
2021-02-15,2.92236319561127,-1.970657682874318,8.14019725223812,17.54042570765995,24.23900313974262,29.91336238995994,0.0,59.602743291013894,1005.6233754148031
2021-02-16,8.047149792613174,-0.4723711513642197,18.178133471518457,24.47457790181276,35.894347277375495,48.63348815657417,0.0,52.97859154140506,1013.2773969183384
2021-02-17,12.490730018162168,5.743261954161877,18.46979896054703,21.237385608023082,28.37536703756267,35.831510766334944,6.647663170763821,40.07532096254702,1004.2103243644302
2021-02-18,9.549967418479127,4.799769527238077,17.593459213249425,22.108924203418773,43.07495265522921,43.356011227631996,0.0,52.40887852552722,1007.3386066056195
2021-02-19,11.161839194065807,6.147886931020013,18.707857767603876,21.44766375559265,29.36881837313913,36.579572725336135,2.3713889334177876,52.63033053578299,1009.185381501974
2021-02-20,14.001580248858705,6.701649027673135,19.062356272907458,34.13155808381539,49.4042371557866,57.7730611820726,12.004064785079775,53.33511585342318,1009.8062241731496
2021-02-21,14.884005416871716,7.25992130563735,25.376387039409508,11.733225906980206,18.459176038966696,25.235047090591653,0.0,48.191269890966346,1015.153651248112
2021-02-22,10.862063436677065,3.8649293937773894,18.591614800682898,21.007992959773535,39.223189895558775,41.929254009287135,0.0,56.62109697149173,1011.0416872172678
2021-02-23,15.300226150653447,6.534484251090818,26.025835811217135,22.9426659188477,27.171736707168186,34.00828598396157,0.0,41.40103857177909,1017.4077316544808
2021-02-24,11.687250346566843,5.216932328257958,18.40771375244215,19.065377073055867,29.677985217748784,30.671359295384438,8.177489202297451,53.83031462507799,1003.293573297381
2021-02-25,9.07143744725191,3.570077886539276,19.269092087747744,27.478724141377313,32.388810526743804,38.01415448371043,0.0,73.57482418663261,1015.4833933057456
2021-02-26,9.974501474724118,3.5883369248451356,20.5088389186979,27.052913259138972,36.52943690662521,50.00346330508516,9.540579290054032,44.354045450484946,1009.2568077947728
2021-02-27,7.491420490507547,1.693089022174492,15.832414988732232,22.753404013335118,28.004663837739233,50.77299945299963,0.0,52.80181408471474,1015.2487972405568
2021-02-28,9.445161094858955,4.323081631485524,15.66122782206526,21.642881279479944,29.541944995560147,49.805276441568274,0.0,41.004287610830985,1009.7936247361084
2021-03-01,11.213198040241465,6.983381793540765,20.324682632875785,22.43905833874122,28.28223899492413,31.40455879224749,0.0,45.98035842608668,1008.5710896718742
2021-03-02,14.876788779519796,9.115726311694175,23.17065717869656,22.4760204304419,34.8219402756215,36.72722741722654,0.0,52.62715324458263,1005.4275907328097
2021-03-03,17.808176022278772,10.25112928373006,28.47535401739453,22.607718152644875,33.52072389733979,42.525287525547654,0.0,43.149086528454774,1005.9359795905663
2021-03-04,8.680148692182179,4.58795967780621,16.31578106304513,22.05773589585279,26.83461771128708,34.79010107864578,11.768436388902773,72.47876013440963,1000.5055233935631
2021-03-05,14.186942671904596,7.991050105874923,20.798024557743528,24.25664515088713,28.928171112501825,40.99999304512775,0.0,71.21380743726895,1012.4950131422552
2021-03-06,10.069481936249339,2.8494349289999974,15.899203945213982,26.755646128466285,30.69684377315419,35.25232569406512,5.744288352226433,70.26999715023656,1006.3816476915632
2021-03-07,14.798690839324156,7.7466702934526195,23.99049225144423,16.831993770777967,20.167629386066555,28.31333674700692,1.2027139663173034,68.37779998233599,1013.5304995973314
2021-03-08,13.165603404891002,5.282361225447422,24.010261118774494,17.722207059337745,30.621853343837877,38.43215824241142,0.0,38.44317185165423,1012.8461320966884
2021-03-09,8.251133023902597,0.19853444560360956,13.421195647330988,14.223694098919454,17.986514736772364,23.77481308093413,0.0,52.083147738170396,1007.0032425180425
2021-03-10,16.71439716642977,9.15586806183283,26.15706929509853,27.28755732175527,37.31295435064353,38.769687378891135,0.0,60.60905280824119,1003.9542141868574
2021-03-11,12.300773275577553,7.786784794853806,22.862355450935553,24.19500441711402,29.668379907550065,43.00169607308587,0.0,65.45429096937444,1009.4064410980009
2021-03-12,12.700902257572244,6.325790037550441,18.14959146293634,25.456078329483006,40.443893560373546,49.49546871635372,6.385828180238581,81.78748127353262,1001.8648982577557
2021-03-13,,4.263646485446975,16.941696543521815,15.767141568082568,39.96598760918991,53.96664078170366,2.6168506605853215,70.18364069407413,1003.2946158306975
2021-03-14,12.714861676044453,7.487031481997195,21.866604266742705,31.82280907262814,32.11555772943013,48.55408449367323,5.38460545808991,70.60400839636753,1015.9687986569148
2021-03-15,16.149552650162967,11.936793561929084,25.037332905537696,19.83579821243505,24.02227485832467,31.307535532379692,0.0,86.60314696647232,1003.7298849118642
2021-03-16,14.486654191078872,9.368702586698637,19.899618682976346,23.701620018701586,29.107248833066066,42.501013068195356,0.0,56.15570897928755,1020.7492348114301
2021-03-17,16.229159312021924,9.95468730335873,26.23569582492886,27.111612218512178,33.97982109499016,57.11068105216234,0.0,51.531298741101175,1011.3474087525469
2021-03-18,16.51794922233074,10.448297627057734,24.658492309400092,17.882453963840383,24.447098531372735,52.702734354179995,3.6372065341935524,60.401780724699584,1014.4455233682869
2021-03-19,19.583347238734298,14.70001233209849,30.026531478753974,20.061967292373147,22.747960307917587,32.64723515075508,0.0,44.01936693175839,1015.9294700404635
2021-03-20,14.782294629692682,6.660216916275218,25.05023991564891,23.6642638561566,48.17410683378685,58.65859563663031,0.0,55.811605429213685,1010.8586798612622
2021-03-21,11.569426549462804,2.940993205779181,21.4444731637638,37.02917327738439,43.77007379652339,53.54461650175625,0.0,34.277773674670215,1016.7436479262375
2021-03-22,19.391014167430132,14.384272572166555,27.48640754489666,24.219429431212223,35.0998041311305,46.864110490773285,0.0,48.645771561186336,1004.3229459379464
2021-03-23,15.38417321155844,6.736308633722333,21.894437062055033,30.71621248463075,41.82182145216821,57.76504739364104,0.0,53.615993415212905,1007.9448348932827
2021-03-24,19.911593673187923,15.822288877312019,27.94744669665472,28.681985381149673,30.851225732940986,40.47210869947175,0.0,66.39562349023652,1006.1080815775551
2021-03-25,17.90695803437293,9.282145670838204,23.51182630118361,24.461503793438062,30.556104583056584,57.72709947947865,1.2352798900520598,69.44483843368319,1001.3185467123536
2021-03-26,16.55220019550188,7.792556245097339,25.505277086342435,17.641939272143574,30.541072529308025,55.16776953262494,1.573502096685666,44.852747110004124,1006.3258824794699
2021-03-27,18.180446354060667,14.12018703898104,23.98430966943471,27.851791204562254,46.81375895839208,55.16558380047967,0.0,79.91240120756311,1017.3406750473603
2021-03-28,23.17532617427178,15.36022969038804,31.24236394927612,15.026227303383187,21.21669246070999,29.52942378770647,4.114461378683439,60.48349698208912,1008.8929319544632
2021-03-29,23.74100808040717,14.890000217557953,29.067299925408076,30.483572072060007,33.03844946982751,38.46875495951041,0.0,57.88053959236924,
2021-03-30,17.90554043270543,9.376029338616537,24.702615374353304,23.44031315423874,28.501857986016034,40.73231463473161,2.179988607887792,37.549667927239085,1020.0638628153697
2021-03-31,18.36479636594748,9.511245559966415,24.757279129966207,9.148943283376799,15.143375765642164,21.360707207152732,0.0,47.55931131855932,1027.704145453634
2021-04-01,21.299214280674843,14.547596752186646,30.019403536944864,20.656001118387415,26.48290223186976,31.701304937187928,0.0,67.59788573838973,1020.555029760711
2021-04-02,15.719166400252771,11.32838570082583,25.43988667238782,25.585449744864256,29.530141175871748,41.56721570111393,0.0,57.03734155255719,1022.3611381502883
2021-04-03,19.440347760900586,11.191401771875405,24.784165488143742,21.0864914835503,23.400425718025154,26.359168510182478,0.0,56.29377671503449,1013.1157738475748
2021-04-04,18.54781188220388,11.478670603158823,28.649513993136186,25.801274341733183,28.97650109775318,45.1143968235271,0.0,57.72606604690577,1011.7951660037704
2021-04-05,19.75061088065072,12.676927159709273,29.915217050378345,17.929506558531706,23.02484889883377,35.41530407762395,0.0,37.68154833896742,1013.0204694712517
2021-04-06,16.491433315026946,10.405165265733515,23.545047760755082,15.601859129681511,28.36000761794298,52.124317251204786,0.0,53.84069735918214,1010.7463098803604
2021-04-07,14.404604281759793,7.545394399154247,23.358628677581727,21.72546324199155,37.77116352973833,47.80493095309751,0.0,71.89996426357146,1010.082641146377
2021-04-08,13.135183163245303,8.36728426781473,20.550861353466,22.190228068054296,30.709801920642832,44.50691485439975,0.0,68.04049146478593,1014.1544425376707
2021-04-09,16.181813939647185,8.482963806816434,22.106959232784973,20.23899256360147,23.491984916783263,38.5898313142915,0.0,53.49760669461282,1009.1471129859998
2021-04-10,18.336726040717245,13.961639503959534,26.50870055209591,28.064705008604534,33.38622493761956,52.55739004788147,0.0,73.76402409233867,1003.1039450703136
2021-04-11,19.010862583993802,11.361958748774843,24.529020631003384,17.623383331139916,18.757580154082316,27.97057185644238,0.0,39.89081791877927,1014.0044569647503
2021-04-12,25.878663459085956,17.633771345961687,36.14949639146188,23.38527110061446,42.579336709196326,47.974442867742866,0.0,43.33962802172488,1005.1490753219965
2021-04-13,23.56027757840157,17.19793419057913,34.106016134859225,22.10318399347817,26.806654209993635,37.01577054828736,0.0,77.36346852588768,1008.0326343811442
2021-04-14,17.53009453224082,10.980942701955573,27.45977335430924,13.922530293562563,24.194656171875856,40.31946720330943,0.0,61.93567741970228,1010.6570354226477
2021-04-15,21.632254986088356,16.071183621477964,30.007423710624227,15.052636852089876,30.3779554141533,48.013138911913934,0.0,51.533351894772224,1008.5825905902076
2021-04-16,19.53929680900377,10.692003890375831,27.884888355756498,21.647939649622966,44.26023428305506,45.73310583771718,0.0,54.33617720757703,1013.9111773201251
2021-04-17,20.07743124502423,12.411808872226501,30.98507550462981,31.433918043970706,45.12620728256395,89.67040573409835,0.0,45.32042664247379,1007.3973612099986
2021-04-18,21.655029928177505,15.810087161675781,28.142440067164603,24.36275519392894,30.162409165177422,35.40470919019697,0.0,58.31911122168934,1016.277886814607
2021-04-19,23.123585592199852,18.249548661034826,28.579275787631097,12.775692921661918,23.994293897745457,37.961735572179066,0.0,57.36866135573765,1012.430937160049
2021-04-20,20.413755600107702,15.315857639097246,28.785401141714768,5.7878789954709795,27.876087113557784,48.5453184017984,0.0,55.23861651835228,1010.375941923288
2021-04-21,24.786934980576227,18.467323550025977,31.759648567436848,24.941049751067325,29.609622717251366,37.37121177981359,9.860046841096104,49.956967574453344,1006.4196356032982
2021-04-22,18.331757002593843,9.618915001022152,25.265789639442108,20.729206151541824,22.93613655888029,41.05579918801996,0.0,58.17707333282693,1005.1014301960643
2021-04-23,21.937074074008102,14.266342345203512,26.97958619902779,26.850143920531018,30.820366862253547,32.27805710670707,0.0,48.64586281093562,1012.0673309180154
2021-04-24,29.86980962463131,24.79359088373556,38.447246081918905,16.67283339625943,27.392337951233248,45.97452205412873,0.0,43.16827287412974,1015.1370957888898
2021-04-25,22.902958547078118,14.605152879983628,29.487160760731804,22.759182805417243,28.671225869551243,45.70623619466508,0.0,70.20090989844834,1015.6535682537984
2021-04-26,26.688446527810328,20.79744391276192,32.81559781696642,25.16979357660168,32.55223062370686,43.7287266336928,0.0,81.03665629402312,1003.3562949795546
2021-04-27,22.816554091088022,14.557943177325429,28.059145679446047,18.631543148489214,30.584360421529666,46.74524605675604,0.0,78.31144154583563,1002.8174449255556
2021-04-28,24.43557685725578,19.227078867350123,31.621746316109444,18.667518460895554,22.56586595464533,47.64677834504201,0.0,62.801473165147414,1008.9310274813989
2021-04-29,22.672164649671465,15.578861589989877,32.94597788399021,20.852516348195206,27.974929300746982,49.090885111765985,6.40542362260268,57.57786031139213,1014.524360583551
2021-04-30,22.47853256629934,13.84518012589293,29.498557411883574,23.36703197361131,28.61785043244573,36.743399761016306,6.899535010805571,60.36531451846956,1008.3624318976316
2021-05-01,20.796477981208533,15.507007935469563,29.870923241926093,20.50864193251971,42.0379250760626,52.174036042233986,0.0,59.8672271615473,1004.8208350398495
2021-05-02,24.568884877537723,17.104251924608448,34.10816665794917,25.37619075602631,38.7890642968076,45.857106729387304,11.462497753450107,60.27327494857083,
2021-05-03,20.864268239605096,11.927705139819377,27.832873094746294,18.1216875892083,24.064421891095158,30.416605277915505,6.591066331299476,76.75768041963828,1004.6748570284178
2021-05-04,25.554336148400626,20.80134471218561,35.48418055847287,13.713821511053771,19.40891693874643,66.96948052534621,34.538102639421155,30.571270068057537,993.57814465513
2021-05-05,26.949902610905845,22.507891157402472,36.10118056890754,30.164410308108195,53.248211412789175,60.25411054183164,0.0,,1011.6908568813079
2021-05-06,24.927817066811212,17.55684110458713,33.28327043901692,17.179425239040242,39.08006341389692,54.09082735199101,0.0,64.61285790480784,1014.2007117348506
2021-05-07,23.101338220587962,17.40265848184281,28.107293004891737,17.282791281259037,27.954467527264168,35.708873053714164,0.0,44.85808423264215,1005.5573205099557
2021-05-08,25.45148399052993,21.095261603696976,30.66202858606678,19.717763188717182,27.348201874868547,36.02182739718622,0.0,52.118213305866,1014.6636000266777
2021-05-09,23.29067379802287,16.91414570860485,34.235868862659245,20.30385693155224,23.034235809567917,27.108825057586582,0.0,62.12372099491843,1014.7986491219419
2021-05-10,27.148005269659635,19.379151871439856,36.84170881068099,17.95512161357841,21.954275434321843,80.86297970002336,30.080693958495413,73.21922928445355,996.2583859218477
2021-05-11,18.969344843077945,13.543732841002,29.59473639571563,19.721399168903794,22.269451569064636,23.62548269082642,0.0,39.47274061400507,1011.2404887705009
2021-05-12,23.57643225742259,17.901197869896915,33.99025148693075,19.529250406212796,35.25278294283854,54.32041539467974,0.0,38.58310614694168,1011.4161824993613
2021-05-13,18.727966238952554,10.499469235717694,23.85062413780906,20.521139046226686,23.289709913772796,57.62514075445608,0.0,43.64763774592191,1012.3227206065209
2021-05-14,20.329789479239828,13.729429917932388,30.080873217986273,7.778097909742556,13.418160989065772,22.32585961212152,13.386035085911239,48.59700137122219,997.7415529246416
2021-05-15,29.0185163385227,20.80485649449034,36.72539080258963,28.8879456314067,30.271354936782252,38.8761779522783,4.79739314531695,41.72111236584761,1008.7165124594073
2021-05-16,27.721797032241614,21.489849571523067,37.459146256245546,18.664711808323293,20.669263479454848,22.61158697589212,0.0,43.32806562766359,1015.0809349352401
2021-05-17,22.984436190169514,14.219560382368996,28.024730895149826,22.22144056087496,34.539920015258396,40.06736368836419,0.0,69.8019225789519,1017.7169828420488
2021-05-18,20.73929209385657,13.485319145267885,27.468487901059955,12.344604194734558,21.928719610912985,38.21273086605733,0.0,51.25507818317491,1008.3667360576273
2021-05-19,16.454401493277857,11.87490716668161,25.96234414802567,16.79652704490681,24.625037980394893,42.549279656362856,0.0,55.376501273879285,1008.5789785202962
2021-05-20,23.81591701723593,15.390452076101926,33.57404174884547,15.706025245596908,21.42553579805155,31.217311630676843,0.7378966767101047,44.19853592798895,1010.3728874625742
2021-05-21,32.803264938767775,26.356938984613784,41.52155254605552,26.33198327151061,28.094765155015466,43.708865864432795,0.0,62.602444900774984,1012.2418648333321
2021-05-22,26.939461570977613,22.231266731113088,33.746998707655194,15.969764894448398,21.120329224272535,25.269912461970712,0.0,77.50916833399327,1012.3170394544734
2021-05-23,24.04602575122853,19.282575082021427,30.90820129895571,22.604434999393042,29.417944883908696,40.96647560735062,0.0,44.34844139152695,1013.6088482072491
2021-05-24,27.207035439555952,19.769365764006594,38.00761922140815,15.476893721233399,27.24377478966078,49.73161314092964,0.0,75.69698045289681,1005.2875010704752
2021-05-25,21.213064507191348,16.976201973543898,28.848337582596574,16.380646188993186,31.545467629586742,44.77170660770155,0.0,59.373092598014146,1012.2524483020447
2021-05-26,25.08518185273609,19.652213028167022,32.76793515419911,17.330544209605048,29.906611188609116,54.726356249256284,0.0,55.202361991464535,1006.8029314205803
2021-05-27,26.353840289085888,21.654902336736548,34.66783679053009,24.891909383232495,34.4364768632287,59.769822703687325,0.0,59.80148598790289,1009.1178589602378
2021-05-28,25.872382209419833,19.66699506133341,33.329396230606164,8.937669101016722,16.680800154278693,28.780671903809935,0.0,59.686317987604184,1021.0379481131391
2021-05-29,28.575376884441408,22.5036080244696,36.89140627202589,11.7227486104568,20.6256819012755,20.696422380503428,0.0,77.28525302875893,1004.9149336709786
2021-05-30,27.306145195760333,20.696763022316055,34.90015773236568,8.478585336573568,13.365223235163693,31.029673952343035,0.0,61.242648781860694,1011.5978791725287
2021-05-31,28.343394691684843,22.945213046172192,38.30368420929796,12.691581602328416,20.914792007061344,23.59409172622755,0.0,61.49328605369165,1005.4895523373876
2021-06-01,24.336443415006293,20.17622546811541,34.790749533795996,13.985034728482908,20.769904135410375,21.112438088433127,0.0,49.94200216044947,1012.6498542524473
2021-06-02,29.155067904478333,22.083137371802405,39.747729463370504,9.884558745104615,38.90695204016825,40.03678739927782,0.0,65.06892563757285,1014.4051217709248
2021-06-03,31.405393935382936,25.53680392097118,39.791171170359256,14.200169065790993,23.260955088060037,41.797460687344056,0.0,43.51783631652417,1012.3591323310123
2021-06-04,23.66197906364107,16.40530406994084,31.314870408428042,7.711316430310273,8.743793014343535,20.915147186507284,0.0,56.30804787495513,1013.1048517811702
2021-06-05,23.960052347059722,19.41671749303838,33.19149269981075,12.60898999433263,18.099189776046202,28.093598518854833,0.0,89.59940266936994,1018.9271331788533
2021-06-06,30.678056149327276,26.609169372857025,40.70799769710271,23.615169603383684,29.86198414238653,42.8939191927205,0.0,24.949720964244506,1012.1732145525027
2021-06-07,26.141073046811442,20.89960180738498,34.518966499209704,19.54525660231952,33.25612607867092,34.479392013547056,0.0,57.79776395602542,1014.1094113697584
2021-06-08,30.967795932761895,24.685059317791634,40.167682063695466,18.379043325254166,28.249567950240472,35.292352481249736,0.0,58.25947505054676,1014.3388517416896
2021-06-09,25.46676403731115,19.496404166468814,34.96514014163864,12.342366331341523,21.873752911784067,26.678329606726304,0.0,52.26293149015357,997.3377350424486
2021-06-10,31.194348713085148,23.142835936717816,40.25271137338887,9.590579220177007,27.453803004477585,36.86742126014869,0.0,52.54576886719083,1010.4985855212236
2021-06-11,27.25530131675021,21.36611309578609,36.73210265112607,11.490184557636013,33.45535264590707,43.12776111287469,0.0,56.0969172779378,1004.5913247587072
2021-06-12,27.663943915928968,21.011738017913572,33.91581591126496,16.885117936892115,29.19153467424664,41.823452895023706,0.0,51.97596069442562,1006.4746853280786
2021-06-13,31.60859836860697,24.64102040639601,39.59884565073776,21.35751944966546,27.172463348320292,41.21652698563296,0.0,57.66375674585205,1018.2970610343784
2021-06-14,25.851085543500957,21.7419285852719,34.38069687113148,21.444232508477626,27.392340147645307,28.694635612842255,0.0,49.14867153019721,1009.0171212512402
2021-06-15,24.131742669844094,17.55607578561315,29.146610254986232,20.001533461263605,36.411567396698786,43.53293826939993,0.0,79.26871382496495,1019.0011058695252
2021-06-16,,19.900725783110456,35.760657132986736,13.077104777255602,19.011597016096182,27.47480784184602,0.0,51.97583508043178,1005.1098183462314
2021-06-17,28.33979148464062,22.233390846224346,36.99993853531009,16.804421698379905,24.175704848590833,26.77738880894085,0.0,61.835336891496596,1005.9552903713246
2021-06-18,22.294472907094974,17.793035914618724,28.069290897284194,14.992133973817689,20.392482367594134,22.720762347876523,0.0,46.971566801881394,1015.7528809496207
2021-06-19,28.909866229732167,20.99576340148894,38.80800866518713,15.510487086158797,18.71507811638719,20.707937083257022,0.0,66.19771636481376,1010.4858806837493
2021-06-20,25.383584184244864,16.67156293020225,34.68592598288813,26.620104280119932,54.23082594401727,69.77853108979852,0.0,63.80161344821602,1008.4020127914026
2021-06-21,30.442521227402807,26.331177124254808,39.99231848818463,7.542956403859286,14.950409478127746,16.535417783501188,0.0,60.03112283838604,1012.1959044464321
2021-06-22,19.812228172859516,12.805364358802777,27.164482944030652,15.09855435703503,34.60616673650933,36.51958025837445,0.0,42.67197572537776,1009.0961937996937
2021-06-23,24.627979546122862,16.80875920968107,34.753194586292814,22.250175882331945,28.245413706320207,37.36156761772555,0.0,45.97116351323775,1009.2420076003916
2021-06-24,21.917684315817006,16.49364637256756,29.40184980861118,8.782002698812486,13.483355012998587,24.996612966369753,0.0,75.23407582895416,1013.8749635500889
2021-06-25,24.484559520204016,16.546781595887932,32.90761443787756,12.813311490386415,24.433562656701586,32.690247983062235,0.0,45.83831550747185,1014.5431570391343
2021-06-26,27.6891561254345,20.527380871602993,32.69300994763374,13.308027718083697,28.430649435893308,31.57923826698785,0.0,62.69082604255006,1018.8075133394784
2021-06-27,26.38814546559229,17.742332304236943,35.257384153659466,14.758549689882308,30.51726461773829,32.9003384465166,0.0,,1009.4098476306252
2021-06-28,26.142121997083958,17.237097940315095,35.45117674985158,7.817620280216438,14.564409886319234,23.48504455490687,0.0,67.10059882722123,1010.8471470388728
2021-06-29,26.397898878415564,22.18616830842204,34.80055507134831,18.6968968341479,31.132860922358404,38.68448747355028,0.0,46.763231710031384,1007.7177630793506
2021-06-30,27.455594371461967,21.230905566326935,35.434947273723665,18.9756388741964,24.086983568727586,30.159434801895614,0.0,,1018.7358717398533
2021-07-01,23.786583945950483,17.051645008059392,33.646202788220734,18.110513089546288,26.259461721494205,78.72703949838241,24.560730689359623,46.45189027963718,1000.2898191408865
2021-07-02,28.896299530797542,24.16258336475928,37.984535833788996,11.141922561315717,17.416921085216945,24.57529250226182,0.0,48.35436884006772,1002.8922947050265
2021-07-03,28.7241139681125,23.042684815975694,35.39255820643264,15.852241998857211,21.43625668272082,23.602918922571302,0.0,59.85608025909064,1002.06895798361
2021-07-04,27.84841397588798,18.910176737105672,38.6028540043679,10.849148561344897,19.23900297486428,25.342079492705935,5.135909456884146,60.45492298484913,1005.395905427838
2021-07-05,28.316915941518495,24.23576365980614,37.56051910669054,13.610814503439183,16.742955874457454,29.23003111481667,0.0,41.85812704104603,1013.6392838391032
2021-07-06,27.487430036631615,21.224890379009693,38.41506361010616,25.96939332380351,40.29280207117565,47.102032380527824,0.0,54.664635834414156,1008.7887289932303
2021-07-07,32.651115895053465,24.437842786462483,43.47868379266667,15.609615548459658,21.211011308142467,33.53639215908975,0.0,41.277983112506845,1014.3922410629971
2021-07-08,26.229208449777374,20.609702136180932,36.74266678663791,9.123440858601766,23.00685869729689,37.15299536372321,0.0,62.72268838001175,1010.671753984489
2021-07-09,25.510727725130156,19.11173521135439,35.042956972482,15.893556387194955,19.610995033643256,26.789243668908682,0.0,64.92283478646888,1019.0454446018482
2021-07-10,24.109789836222493,15.219561107282594,32.7663660472043,8.164597369866812,13.751100385491178,21.977108706391647,0.0,54.71263193740766,1016.7978918360465
2021-07-11,23.208906797516235,16.834522615137715,29.24193077961378,8.86113396444577,11.984157990231637,18.44223422228253,0.0,58.25984083591314,1013.5902593370437
2021-07-12,22.50454787861455,17.849941317882053,30.764656383157096,9.58411075407323,12.606503451057222,25.13237320663222,0.0,76.02548932797292,1018.835721635012
2021-07-13,23.500806004431272,19.242198546099317,33.093065138797236,12.502670952976157,16.636707669399986,22.928655218060033,0.0,53.108764091294574,1004.2599627280139
2021-07-14,25.881378741697116,17.154295879497376,34.00652169393052,19.344525656878343,23.109881023504343,34.74989299876563,0.0,43.66890459938932,1011.1081442831481
2021-07-15,27.019536316529525,21.690489250154197,37.22897108696347,17.488123942699115,20.633862342354796,30.42874406017242,0.0,,1012.5924821792868
2021-07-16,26.090340001228014,19.57002046840526,31.748275396378205,17.148570506801757,24.907812073227973,26.0281020659843,0.0,41.40815481081586,1014.2740106887784
2021-07-17,23.55762636579486,19.10411753534502,30.843268454086665,8.9774591215114,20.44650856490913,32.56191441207104,0.0,52.47317244072469,1003.3571937011205
2021-07-18,28.46918424098432,22.350908638231296,36.504970752546264,11.705043654441948,23.57611339008423,32.69022915779766,0.0,47.8121194469978,1010.1615484571149
2021-07-19,27.898372260611733,19.24784466436111,35.492324035826385,15.712217763983505,17.344526146401797,36.938379208989545,0.0,46.57816200149355,1014.4006250597952
2021-07-20,25.109824583536486,18.597759615381793,30.761343870465804,11.152290018814956,17.397687624181348,20.126990224646953,0.0,51.99894885226587,1014.7761574883596
2021-07-21,23.535814974554892,14.680139215543253,29.456984738822676,12.844833660834466,18.636612308406267,28.553372517946613,0.0,65.79869591456898,1018.1351573610101
2021-07-22,27.042827629737495,21.748649443550498,37.06853138687042,16.387350398697034,34.45488765242366,40.01861412693322,0.0,68.26802545989023,1013.6392935141702
2021-07-23,25.86166039334201,19.338934194822325,33.76796594855072,12.381716387158287,18.806788612360897,20.09803014472184,0.0,66.11447035708804,1011.8747514612857
2021-07-24,20.850798495359868,12.55314453631324,26.143133055876234,15.202048670116554,22.504965724735513,23.353605483081704,0.0,59.03624906954097,1014.9991238860335
2021-07-25,24.885955418009793,18.644693645241073,29.98490297187569,21.982727961184764,24.23806006626181,46.58847023172143,0.0,51.90740126334813,1010.3574728122875
2021-07-26,25.76802600212822,20.370589134277274,33.60887841409418,13.10830627346029,17.154857102008133,27.096038423178317,0.0,26.70610005520051,1013.1606411985131
2021-07-27,22.172195050067135,13.894818232977727,28.1584674056138,19.81399879136645,21.94196478172123,28.924930648681134,0.0,59.411931919327294,1015.6827170334786
2021-07-28,25.327541680121104,19.37809433575806,34.558297356116434,16.665079342917245,24.781198368239266,26.54934880249644,0.0,27.648019302893353,1011.0563162788239
2021-07-29,20.277680950092495,13.624064494791325,30.049621725259,6.484162635472986,24.91981559951629,46.37065415271444,0.0,31.919592682323845,1013.0719760577318
2021-07-30,28.532282755073958,19.64964742299823,34.90206300581659,8.263069566917064,12.424070458469163,16.79725305288079,0.0,53.05998813055663,1017.9429332778147
2021-07-31,28.146624695874266,23.214208222094946,36.69968636516495,9.560409735901384,16.0235590827798,26.321439827348048,0.0,58.17492693556597,1016.1572904412783
2021-08-01,23.5217830999432,18.01477991634227,29.448450960855517,9.410114775086527,13.194905781403879,22.034979995538546,0.0,49.58698115404887,1019.1881234121962
2021-08-02,,21.088457132502576,32.0653010424181,13.19001967591932,17.991570920339228,46.48064410309365,0.0,73.42637378312762,1023.9435058517137
2021-08-03,16.79536719755174,10.836178648001477,27.128140162640342,16.673159220541432,24.90951245465989,32.97910510789243,0.0,60.54521989022208,1014.7782119985857
2021-08-04,20.425403069639586,15.424485916715287,28.68999161853345,19.835505470376148,43.898380667198836,49.165745147778196,0.0,52.007105118456906,1006.1087801428964
2021-08-05,22.88008295072257,15.479908273683114,33.19541512158777,15.061678989950869,32.91889629245131,42.97420208022664,0.0,71.63571934218155,1012.6212807952313
2021-08-06,20.40969443147618,15.503087137646919,26.761181256553222,11.254823208110531,32.50659278699095,43.394484831414886,0.0,73.78136017076909,1012.4681031644035
2021-08-07,25.631696952139155,18.257633190109807,32.61184301163115,3.035770631379549,17.000190831482847,59.00183615724891,0.0,61.150704321696026,1015.5175248428294
2021-08-08,29.34059209859285,24.02321495764626,37.166304929333755,13.765029746789724,20.16531728220885,28.127528513217612,0.0,45.69690808291004,1019.4502836438555
2021-08-09,19.67687577101203,13.900786600406029,27.557356222179287,13.50739735750949,19.27576705299458,21.911697877519995,0.0,48.396754827739215,1003.6880773971308
2021-08-10,20.550211633346624,14.805908373114637,31.536099436448826,14.261024112504892,18.442296792381242,24.516322259841765,0.0,37.639135444079955,1019.8028454377915
2021-08-11,23.62273606548397,16.03897731466592,29.30940797931075,23.846794757039508,24.421587411112114,34.459885794475035,0.0,54.49099744239384,1020.5888462286238
2021-08-12,27.601479045095466,21.26893272940375,37.71326925870501,19.489177014013258,25.81459114679255,37.26567322178228,0.0,42.399502702665615,1013.9681646443322
2021-08-13,18.950741757854438,13.144247263591023,29.13283399438566,17.18349669118907,35.78647618506855,37.37079402598933,0.0,51.05110276964178,1012.5927039783554
2021-08-14,23.212746142138034,14.949632546940784,31.53193793136476,8.421209366489775,26.889496781723373,32.36515203827658,0.0,58.12720363666193,1009.7583514464441
2021-08-15,27.775391499386895,20.915638371180883,34.83961450894182,10.6414371690798,40.36715544745274,67.74392062054372,0.0,31.19549629595273,1008.9765466319656
2021-08-16,17.20020444197414,12.13105033558415,25.315561067703918,12.708424222536745,21.377738011761185,24.996511427790526,0.0,39.83510477774516,1015.2831000939766
2021-08-17,18.154437203409667,9.653980812691255,24.90924343224905,9.283275464827913,12.011187517140067,27.325527769623378,1.6343001905103378,50.38869351343539,1015.5489337410254
2021-08-18,20.567210710398754,14.85395923023055,30.36185540103839,15.641731641780284,26.609229286580472,32.857878645196806,0.0,54.36967157532193,1014.6121642570299
2021-08-19,20.114921062608147,15.920024174921545,28.104596014870125,14.904491492916682,39.1315602642985,47.46795999747932,0.0,49.073310403142706,1012.2636088183716
2021-08-20,23.951463811164466,17.4784626912922,34.50651688442917,7.660392576499088,27.8305193107259,29.6570465592506,0.0,51.753784823363475,1015.317371974103
2021-08-21,22.073978937658104,17.454288665453717,30.810127003794367,19.06945078558071,24.349930669277924,31.11280422257591,0.0,46.525753646493314,1015.2807537495365
2021-08-22,15.857868405486116,10.665536186907403,23.943784404174217,13.58181091922515,16.541622523768176,26.486603315963087,0.0,37.60720189829648,1007.3970132951341
2021-08-23,22.56120483729548,14.825650473858426,31.827620961161394,4.4112563151270425,7.299460437476263,15.341183110837056,0.0,48.58299067129962,1018.066421151918
2021-08-24,19.113089965788493,14.4593308989069,27.136687752369898,12.78771538830788,17.185681456937736,24.299970794316085,0.0,52.44197770083634,1021.7150808635405
2021-08-25,24.49834539048881,16.463624268718632,34.9253834930055,14.439748033277453,19.377415849922137,31.9492783389042,0.0,51.27531875672502,1011.9602538627347
2021-08-26,18.620152937661075,9.935616497006308,24.72682870298212,17.888435251675215,23.939608113372472,26.314528276443284,0.0,56.341551025557436,1018.9064585229065
2021-08-27,18.41964719391443,11.386986691874705,29.259739296389863,11.329323475596068,23.28365654663886,33.582950569807686,0.0,60.026734845702364,1006.9209750184461
2021-08-28,21.77818244965721,14.226386489543062,31.65132576076436,17.150105532909077,23.047067623459057,23.80312449152356,0.0,63.18071472276004,1011.3941267584289
2021-08-29,,14.699697435501166,32.43203065622747,13.941311355925912,21.831605695106923,40.22008582055774,0.0,47.39738997386331,1008.5194683866847
2021-08-30,21.146033531186678,12.181993744834454,29.043480525413106,6.426995551375317,8.417734798387698,15.727909088319018,1.587552421747362,37.519235532535205,1019.8396698314872
2021-08-31,14.56670135231541,8.859010041307297,24.589910648340997,5.924582839313742,10.11016821565336,24.705242482225174,0.0,70.25915638874328,1021.6858575396963
2021-09-01,21.05828077007885,16.243998013865337,27.89892527154208,18.612845652065793,22.644867257345055,22.836014843444953,0.0,59.62535098733306,1011.1072893109604
2021-09-02,16.160916856985203,9.565080682413596,25.732605928370255,18.981078382009393,20.6624659056069,33.815727603546385,0.0,43.544051785912735,1017.7559377274682
2021-09-03,,13.122116712797624,25.6310667122903,14.618296095825198,20.404853072957554,24.639667929698742,0.0,58.332460677909054,1020.192405178573
2021-09-04,14.6291171138109,9.739554672330177,21.47142860958595,20.486356500122323,22.490895093131684,30.870910261750304,0.0,67.81593679921748,1011.461771446222
2021-09-05,20.05621042791948,12.990663332948785,27.73060640807788,18.296424379667258,23.778824365513508,37.083731432939636,0.0,75.75011830287269,1012.0819344041579
2021-09-06,16.11356565961462,12.0429419922305,23.04748396847515,16.438548666662708,24.766390997128738,32.548848074930035,0.0,58.00732331389277,1014.9531181985656
2021-09-07,14.500826119056192,5.862484106785086,21.822928812801294,8.472353021861881,27.277433833031164,39.460789932667545,0.0,67.71604764819833,1006.6956950174439
2021-09-08,20.30486219717654,14.981990808070233,30.225490665878727,21.696032708072053,25.563355627020833,31.889123291434217,0.0,40.484775132223305,1011.7159846320196
2021-09-09,18.702366008011442,14.504564966060482,25.242421360864448,15.7318446856046,23.896973296965285,43.29399466107403,0.0,54.56916698083988,1022.1293895364649
2021-09-10,15.948946738144995,11.40769953077071,25.42063377107243,11.134058914971959,15.776757012527819,23.070657995052397,0.0,50.97984820892417,1010.1334188468694
2021-09-11,21.95732771318182,16.75608297178361,27.39960012785173,9.736280889713049,11.636947056832568,19.049755662570078,0.0,59.11083822045052,1017.5235891450077
2021-09-12,16.094272687269168,10.724741844238942,25.688707332359535,14.377386556211238,33.321709893765686,40.84540631384796,0.0,74.33432722523466,1012.6207657466201
2021-09-13,17.32457210025145,13.160522102762808,27.07671155723009,4.755462868279441,13.351192608200055,21.551366373166466,0.0,57.9986727313511,1012.1784915652552
2021-09-14,17.846644591024994,12.449870530056348,25.256837244039886,16.627864100902208,27.21945045443166,29.71818724360324,0.0,43.74771112879748,1012.0253578963823
2021-09-15,14.992253469182252,10.027544786714842,24.327120408187074,8.381826317272331,29.310448192759754,32.82094963240821,0.0,39.83873704139343,1019.3665323937832
2021-09-16,18.07575493122351,12.182650294050918,28.566585353694105,15.024340855847159,20.48631115414317,36.624255930363965,0.0,74.74936075304726,1014.695039059775
2021-09-17,14.872887521555661,8.947048834775815,24.677165362882825,10.586249393847698,13.192022339314153,27.78108504506342,0.0,61.16552094862279,1016.5702897654091
2021-09-18,15.049087875849835,9.35404917283544,22.391766938231594,11.896732303416952,15.718773317156781,29.653600732762666,8.283899776075083,67.83248596216825,1016.5045455956478
2021-09-19,20.1826048851856,14.54298546753208,28.087885970865987,9.460168054698908,11.855435360485702,23.244364728047735,0.0,50.875223337301954,1011.7746325109363
2021-09-20,12.783564876687134,8.334908487980877,22.459710145401967,12.46587090696028,28.147586325336384,33.51365272901174,0.0,58.21434141601412,1005.5432875020103
2021-09-21,8.477656164713073,4.351631429082262,15.233223703807814,22.74761744037729,47.56683284539429,52.47232087797785,0.0,43.15648112647828,1016.7067120311423
2021-09-22,20.35956642198585,15.348994921203516,30.18286286383909,20.256111991128577,28.520719078490337,36.452845016740596,0.0,59.64638026844382,1011.4045010513186
2021-09-23,22.98563780679729,15.202390669714212,29.954064662162935,15.1346863570813,27.314210459896167,45.22025230207021,0.0,40.90155836111167,1015.3708726817606
2021-09-24,13.932940932083909,4.978892104328299,23.768884426397136,13.268672233592065,27.62003873315885,37.14381048382876,0.0,50.68853865966689,1007.0453482619293
2021-09-25,9.149581630150251,0.5069507548636061,14.670384290254592,17.65036601253776,39.46663172972623,42.8138835020919,0.0,47.28528221608713,1011.0226367667718
2021-09-26,13.84029899307353,7.319202215384687,19.10668277453707,19.114782906524603,43.28691172001079,45.271646369400536,0.0,20.0,1003.0222993176891
2021-09-27,13.725101198499605,7.065981919609934,24.711153882718538,9.352753740701136,10.660104591158431,25.57319330570856,9.922157315706688,59.768718065735136,1008.7586048521134
2021-09-28,13.82643731081461,8.253529465635397,24.043180050222745,13.152898929541246,17.90003630902838,39.746594013121296,0.0,44.213602906444855,1009.0753786277544
2021-09-29,10.868958731910773,2.9992615387224912,21.166043752707996,4.46987130244278,12.083924488916175,13.576141813324886,0.0,52.475321393310594,1008.7991396520998
2021-09-30,15.76125098444825,7.937467544785006,26.468930670087953,19.23605202558326,23.536771636592,38.801335829729965,0.0,55.02067360578225,1009.9538709076816
2021-10-01,15.41012033812892,7.188758550216697,23.040018194615847,23.98783951485629,30.154523586141863,41.34879203833559,0.0,76.21518331577902,999.0098682472377
2021-10-02,9.168053070704325,0.6905301847199024,15.889066398785237,14.106593331736413,24.23632543719166,28.34282201527963,1.8567514519429718,60.32758427263878,1004.6366632695621
2021-10-03,15.564227822547931,9.392481581421453,21.34437779265535,3.125863917847278,13.06845225990611,22.687435819199017,0.0,59.00935159580246,1016.9518029423157
2021-10-04,19.440810960547385,11.606433120011397,27.44806576177817,16.841360554712764,30.88883671368539,33.73434168397536,0.0,60.94736602263094,1012.1050064406858
2021-10-05,13.6155605773031,5.583566933323706,19.935850500162747,9.32370103742556,17.060177371525977,23.914299400824603,2.6745880849311883,67.86883142333159,1005.7327446169924
2021-10-06,11.905487086603106,6.363188974114355,22.518792227039025,10.575870025165628,11.229666183520992,19.50697778821163,0.0,60.45135344625422,1016.0549179197972
2021-10-07,12.310149344769044,3.6639381247382943,17.334168319425718,17.075186653918216,22.861762008035072,42.13194745504535,0.0,58.38055629308943,1007.1796703380353
2021-10-08,14.401592850611591,9.929885337413314,20.26077327707032,15.265965186690236,24.727008885213152,31.313493907749518,0.0,63.53496302275772,1014.9007680192851
2021-10-09,7.1844918790085135,-1.7868540168079008,13.663346997509073,11.604727839523106,26.31178917744041,30.835326394207694,0.0,25.88038695002675,1010.4750362560748
2021-10-10,12.69143666955384,4.840983078759493,18.88517693911301,10.850492581637798,24.198508550013308,34.777354913298964,0.0,80.06861899934592,1009.7446079655364
2021-10-11,10.849757113584129,6.383402586962493,17.204427733062392,14.782106141684473,21.781391281378482,34.20126267429867,7.392859008167817,80.73033124391182,1007.5810436850721
2021-10-12,17.388687421624525,10.107539181099522,26.324973051991595,12.16114319504535,16.666465076206023,21.04454659812603,0.0,57.60562902231148,1025.2976725218978
2021-10-13,11.147988755363995,6.977091700722695,18.11306122524289,8.718953893502187,15.957646873863592,19.18280911008551,0.0,38.0439225950948,1008.8123453713087
2021-10-14,16.500747286386726,8.649812539165811,25.190893577806968,12.66009897778827,14.18531056131269,17.678901754454195,0.0,69.52420518991534,1014.004996747135
2021-10-15,8.013774166988885,0.0176595586936088,18.35532176886663,16.07974292479636,20.93914017333097,40.25551933343544,0.0,46.67348201122347,1015.7659725214622
2021-10-16,12.916070872552929,5.904019607095691,21.53141146570714,13.551199554492957,30.048673896477386,42.07958105829309,0.0,61.40609219889923,1005.6806346700838
2021-10-17,11.943227162780637,3.6589252031977857,21.110423910498927,7.435165373500838,14.657860970794705,20.895993439826807,0.0,39.6051327785744,1004.8300316673511
2021-10-18,8.21010367199315,3.7206872709188508,15.403123461321293,19.51005927075936,29.25024685085998,46.39802198447846,0.0,81.71688278767746,1007.6069722575601
2021-10-19,11.183188565715229,5.803569355511163,17.141619371451483,2.0,4.302959299182479,8.651083850708247,0.0,37.693398854696554,1018.1518721106669
2021-10-20,14.12389656259127,8.053008954627916,21.047400937290707,12.46000113364643,27.101723333608895,34.79150306263851,0.0,55.827832843798014,1009.2247242413173
2021-10-21,9.35193858596582,5.139648821825329,20.13763447819047,11.655859922055512,18.396280561221182,21.195265677838126,0.0,29.533753425862088,1011.0850282590117
2021-10-22,5.0860815227094465,-1.1549989151463844,13.816949829428268,15.563732884906186,25.077816159351926,41.713686009626514,0.0,54.50533057364414,1015.7921758325575
2021-10-23,9.949666696620504,4.623599416057674,16.614733413224595,17.698075296809336,28.671384053552284,32.71233776586631,0.0,49.89657753834069,
2021-10-24,7.137248829110523,1.1735737686017584,14.842740432083147,20.591439690729544,34.88275418336861,39.00646508016888,0.0,68.6462007268716,1009.3238103167641
2021-10-25,8.661482237060785,2.535969077099253,18.67456046164675,11.46434219843538,19.994827209130307,30.74869348748935,3.0060443431036927,52.60088672969094,1002.9285485404945
2021-10-26,9.28959891572743,0.8925402482890039,18.300260339962072,18.028910319398403,24.88587868015289,25.544673918792768,0.0,68.66348299415596,1012.870713501606
2021-10-27,4.265178656479298,-1.0865261961588972,12.629095700854307,16.145583157951712,18.941174791730113,21.159762745009754,0.0,42.71055318893595,1013.3063591540825
2021-10-28,4.3848943824413595,-4.083821261140001,14.695871642244406,6.680126558245782,8.789407031979563,22.4088954773338,0.0,51.616460763463074,1017.6592704360392
2021-10-29,10.529809546022397,4.399954721958151,19.564446979323137,24.812675419479053,33.22351174923711,36.668254160609386,0.0,51.85705482495393,1004.2901925792575
2021-10-30,7.36924206588876,1.7302034624188298,16.225620450635333,8.189046326971251,17.745893760731644,52.44263962179694,6.9480753646417,67.20032689577253,1007.9046403497074
2021-10-31,1.099047045238363,-5.413513201437367,7.237655868502972,17.554131642288056,28.213534875097057,37.457448741263335,0.0,59.42049311688468,1004.3756179664446
2021-11-01,11.00582960347554,4.917113171661342,16.644161701549987,17.480921970188852,21.36813719146716,22.73850339283833,0.0,63.66670185908034,1010.5642459905009
2021-11-02,9.328601761575541,4.041740196299811,20.119454463919936,16.984514711066446,21.87932760712438,44.471201893468226,0.0,58.20196723947687,1019.1270412361375
2021-11-03,6.232282032133799,-0.281114591846535,14.825432252735915,13.209364234677707,21.51417005946597,30.75044828048556,0.0,62.935777919357385,1010.1691107112101
2021-11-04,4.288089655646323,-0.4709190097478331,11.782190110524898,19.895116547000455,25.279031755771882,32.275431197826414,24.114944175729526,65.92908261383891,992.3210740275449
2021-11-05,10.612977638507434,4.853327923392603,19.14710256396874,8.034284667532365,39.30070508106352,48.51143419941858,5.684699025987428,64.7818131259635,1002.8631483999727
2021-11-06,9.022918772729923,2.1939676758594704,14.393790539160216,15.5848880435688,20.398488992174265,21.755424453806484,0.0,74.29847112934817,1003.8854674840877
2021-11-07,14.994364728717667,8.927323506768374,24.927128372142306,13.173186671207837,23.185136212197555,31.074217408960596,0.0,34.84008679134884,1005.0433651741342
2021-11-08,8.981230693322722,0.8616688880687384,15.281103906708738,12.685193258446805,25.768896160549417,29.446639686126556,0.0,60.868095459627135,1014.4896003133946
2021-11-09,8.760334683090074,3.4767258754142425,18.587610720997755,18.29511622281436,31.91315753368239,39.424689329326895,0.0,63.121357335257414,1002.9816101831371
2021-11-10,6.975491754636859,-1.8733661395181906,15.181762414218522,21.619012102716557,26.930846598018572,32.41969462742412,7.075934434579151,78.90257752078143,1008.9840487447821
2021-11-11,9.808179195736514,1.884569091479758,16.467611277677932,14.596106692845101,25.605630113329852,34.45804957043223,0.0,63.71256319948252,1011.2878688624133
2021-11-12,9.117244102135693,0.2792789721483331,14.298503791588116,20.297057141167063,30.401704784585853,36.63546903119059,11.06577534924536,66.16298912022532,1002.2492153622228
2021-11-13,10.883895616165194,2.693212842013674,20.778895748124828,16.724097203941543,28.054956067993484,33.24980789590859,0.0,60.16087834612046,1011.92850649009
2021-11-14,5.4541126781830735,0.7435930489248603,11.512873526998913,12.093926789406908,20.321413332282745,23.630431072542386,0.0,46.179545985263914,1007.2634804534213
2021-11-15,5.603881395205111,-1.0284190579699581,10.91471208904435,15.350448746124155,28.496206520760154,29.92867337738135,0.0,50.34438313170705,1014.9297910260212
2021-11-16,5.36751021365906,0.5176176076801307,14.902776598614345,15.225804070460983,24.15290676577642,25.245717617983857,0.0,38.971565923576065,1007.8853624922718
2021-11-17,9.07466553265327,0.9835287695169832,16.174924866891143,13.323336607443018,15.82698326916146,18.127251325264677,0.0,72.84435417213068,1010.6941180665914
2021-11-18,11.0975794536421,4.1767687077256195,18.433583487192,19.032807078258333,27.77467148665248,40.6511040721729,12.912693036158016,72.02331155995236,1001.8506977319375
2021-11-19,5.128915112003071,-0.18833145978145804,11.611320635687385,18.1477084391807,27.61600312126245,30.747985400254457,0.0,44.00665047610464,1014.3049673538494
2021-11-20,5.136909310818187,-3.511085549217669,15.29198018299957,9.105617959436692,21.6488931391489,26.129045674917634,0.0,58.256283551951014,1014.4748855966722
2021-11-21,7.262097427900506,2.6861671613292026,14.0460745845397,8.88590430289582,17.303830485585507,21.821582359750582,0.0,68.91217251993199,999.2959195975432
2021-11-22,5.494084951036873,-1.3252270663196963,11.755240369543017,19.35187816270737,41.50315644145248,47.0664243164918,2.4863070613673806,69.15118426068325,1008.8025876844894
2021-11-23,9.001928761335673,1.3967259880020464,15.85742711935261,13.237173995461,20.270459031449224,31.587649980042233,0.0,43.868336642003186,1003.2364669861547
2021-11-24,-0.6922456974286666,-4.986488384090825,5.526651753575715,18.909165551004858,24.012070623306858,30.1953798572983,9.927138083726271,26.328358484799068,1004.728011803695
2021-11-25,3.5032339282129374,-3.4860462378180808,10.409165253044183,21.389149403308764,39.28082761736276,53.91889379677996,19.839069571304165,77.59979563293031,998.6474709630099
2021-11-26,3.5593311114623347,-4.520174965853137,9.056948448671374,11.21541181928497,18.109859468688214,20.438430111443907,0.0,44.357564417941205,1010.5232299320377
2021-11-27,-1.1282659812824614,-5.465902553372728,4.822914193434289,10.598301593107472,18.475576652332855,32.04036535915238,0.36394065098113165,62.79547665764903,1014.5507892871542
2021-11-28,2.871121425475814,-3.6900934300573214,10.3734387258527,26.114060075860206,35.58510111867545,56.38371576172628,0.0,66.4032446600349,1013.2626176625963
2021-11-29,2.9488368432124745,-2.343949047531225,13.225637976751733,19.585745856698566,28.51763732277592,36.327290432746764,0.0,68.36359733396058,1006.8550254374871
2021-11-30,5.0263134591488825,-2.2883087985357218,10.370057939482598,15.81772993585447,27.08794256867659,30.001646987056503,0.0,75.93688583174239,1006.8878236022119
2021-12-01,8.906920294846902,4.313533459452677,15.182968535407085,13.330297736768685,25.38911163664489,36.87062349513774,0.0,69.83628301692764,1011.0117854862407
2021-12-02,4.774327083492992,-3.9109300698595426,15.22440113674257,15.533862536242772,20.28818582081236,28.207034339220115,0.0,75.99458594540826,1004.2381117240474
2021-12-03,2.361662852326278,-6.111980056247381,12.701750897285807,12.219246377547181,15.225898999018117,25.265633839506087,0.0,71.54872411882397,1010.3312252742089
2021-12-04,5.230960342153779,0.30108824277523283,14.307665341929425,22.675159206569212,25.999324081958466,40.940230914639045,0.0,72.594610888266,1017.840490554643
2021-12-05,8.500205251059342,2.8838758292338182,14.94304657563077,14.460256365979994,31.103719341946583,36.897097702261014,4.155459141115269,58.24949555543047,1000.7252097020968
2021-12-06,2.3788233887356123,-4.559351484529603,9.897686755070326,23.89749693476857,30.382430972142448,35.42928689548156,0.0,39.52808282521147,1008.7420485576116
2021-12-07,2.5321592912796045,-5.058152391891648,8.799485257907396,16.512363888387117,29.51888400801107,68.75158058313781,0.0,84.78724305378896,1007.6106633341477
2021-12-08,6.89989626972228,0.6866161939209885,12.6714273244735,13.384289306410187,25.6611322201809,37.25174494868465,0.0,55.75543522259224,1021.1771695739116
2021-12-09,4.523199581027794,-0.25825702877708157,11.803189948111143,16.554885920497316,24.430983740774153,41.235368898101754,0.0,69.74449676769082,1008.6460464055356
2021-12-10,7.09702442252629,2.576266953511932,15.551954052948389,5.650710215814323,9.49041027831382,23.823179973813083,5.488874665707585,53.33668922684616,1008.4329466986067
2021-12-11,5.083606132058366,-3.915220552513354,12.243202184847197,18.252622837537352,30.727384562425954,47.67763385894944,0.0,66.56706931054767,1005.2370676766274
2021-12-12,7.2027362403407,0.9259756331232634,15.867683543136518,18.09053759356543,25.777008762000698,36.0745673504504,0.0,25.660440099520414,1011.1800577035361
2021-12-13,1.96894031593652,-6.39371842980597,8.746468728212353,23.14923623208293,25.991615574599514,41.535831473893396,0.0,50.07467930798855,1012.4520929389286
2021-12-14,5.017587625527526,-1.394292397618047,12.092690792092267,9.67808292510393,15.096466533243177,19.601411409513098,0.0,53.81906699929254,1008.3064307819155
2021-12-15,4.404682037614659,-4.207106155115358,14.148723587482316,25.002695634347486,26.95205332645949,28.3414141911216,0.0,60.55130521966223,1015.9008060046409
2021-12-16,1.375238458168294,-3.063558455689459,11.645126843531443,23.379762950569216,28.994957748670867,32.529978198153415,0.0,67.8642961192133,1012.0060742591419
2021-12-17,0.3218892849585657,-4.248206671714189,7.254093774144878,25.620008606163836,33.78729235388391,40.81833381092773,0.0,41.870284940436214,1014.1914024907434
2021-12-18,7.062238018263055,-1.5859229203580663,15.491332826334713,19.178805284382353,26.292955381083424,32.59902403131368,3.263712067982953,65.8569591282271,1007.7835230196465
2021-12-19,3.9480596081439487,-4.789405617079977,10.617033311497558,24.59409029379522,31.105087016208216,39.05942098450921,0.0,,1011.5501586020255
2021-12-20,1.9332610179599206,-3.640326219366896,7.2532688682044855,12.250128133927292,20.35797684456731,24.63043892489016,0.0,83.15093899305108,1010.8808209989445
2021-12-21,4.7140096674512035,-1.0618147675181557,14.141152755613653,23.25285232399323,34.072585336423906,34.866098723818844,0.0,63.47953580605041,1017.1775199469921
2021-12-22,8.39230644841139,2.1300552742375993,14.418327347828292,15.912566800382134,29.605562656681464,35.26381904164161,0.0,49.48592822222534,1011.140486288353
2021-12-23,-1.8250031688269752,-7.905811569163429,5.7292719736545275,11.591613552338686,26.500446196599643,28.53010383989484,0.0,39.73882411470087,1011.0687028120851
2021-12-24,0.5395092261003107,-4.410716853697672,8.461782186375252,14.307614440396232,18.64897746180331,26.338890238585694,11.927871860134749,87.68551224850404,1003.9475074555576
2021-12-25,,-6.215645203001646,8.383061221769863,20.03509563917622,35.899217181063854,46.565964689712274,0.0,63.8481032271153,1007.0352992704795
2021-12-26,9.447139624327516,4.1806016207992975,15.014471728307893,15.964471971973564,23.659495616055114,29.22561952826259,0.0,54.73629242103713,1012.6396860317109
2021-12-27,5.933316645160634,-1.5930454022276237,13.021394733187059,22.044245621231155,28.037122472536186,30.7742364286877,0.0,35.56218046933818,1014.8923689259832
2021-12-28,7.412694275422798,3.0769158867479334,18.12640972072471,11.199958933681964,14.610483738674986,22.88508333303297,0.0,43.82579258922337,1009.3856369496483
2021-12-29,1.7186733762874584,-2.475083281354689,10.409486916217988,9.682263636434946,10.270487764537853,50.9267188209835,0.0,62.575843465287235,1014.0923232211999
2021-12-30,1.8121803899154054,-5.456471972969198,9.10064176033282,27.25560637129682,37.574084333765434,49.160837982919915,4.754866197449622,63.52537586721546,1007.9073017063059
2021-12-31,6.549069977180428,0.8539906893141271,11.782534901825718,24.987878397807055,35.03932893346325,47.26454189737677,3.012217489810433,34.355017033231945,1010.0298094969534
2022-01-01,5.418491236244114,-1.8588057273558922,14.020130924590607,15.296870539691483,20.345236193624977,25.430291086574556,0.0,62.59135067802194,1003.4107325616526
2022-01-02,6.931111449695755,2.461005438851603,12.48465729530799,20.602079819475055,25.765539990505182,29.55280986186937,5.946366199776756,41.53049220115956,1003.5383224029808
2022-01-03,4.766283886848065,-3.982973012731252,13.021548313133223,25.787561158698118,32.71463812420609,49.691899645588876,0.0,71.24810882322711,1003.2635816807597
2022-01-04,6.211291865160478,-1.531280469304999,15.722994914790936,22.858179607291124,28.774237639152222,29.22007762558436,0.0,57.502670978859484,1010.848286487386
2022-01-05,5.901929632120019,-2.4794065330089765,13.443441721888737,,25.759403718254198,29.913473686613067,0.0,49.4389426150084,1006.6312225928103
2022-01-06,7.814719074743814,3.132366304521259,14.611188043642962,26.37977177383199,29.47918683501251,53.52592219350082,0.0,66.88185206932808,1008.0969163826144
2022-01-07,7.959403166586723,2.3585983221223756,13.243708569492314,17.320071058797716,33.298344210334264,40.621183977363145,0.0,59.241991461349414,1004.0338457488956
2022-01-08,0.7388237551261216,-5.102897065905599,5.887491006095702,21.198276593898775,26.5956573843296,28.203891341847566,0.0,70.89913130206023,1008.9944687065116
2022-01-09,-1.0802223033834153,-7.766085545017508,6.499937114489712,21.02099055074238,31.034041814998595,41.93553750192543,0.0,55.965707360674806,1004.7243757216564
2022-01-10,8.733026675902344,3.248684248365273,19.03309830012015,19.813351266095673,31.177407890002996,36.774245583588,0.0,56.665832396868566,1014.1129310266643
2022-01-11,9.360216760414646,5.0570630494676205,15.824593433173789,19.294120248071145,29.64669932517209,30.856935528189798,8.039724031487832,58.812746437164144,1008.9292729344581
2022-01-12,,-3.0369451271103465,11.251779811267934,21.672514280353845,33.44785325232709,42.8670797480287,0.0,58.15560571320596,1010.7339684195226
2022-01-13,0.36508591032444304,-4.907660662811968,9.470920828403013,21.544255574092364,31.819047616912734,40.2007551622133,3.9129495786328268,78.8970651782406,1006.7609584197438
2022-01-14,6.319952522192606,0.3903460648765318,11.684931727200775,16.193125623445706,20.877734661958016,28.88792091343598,0.0,48.96682995926747,1001.6799059691926
2022-01-15,8.896575112876913,3.911777399776782,14.815177367697176,25.50627118476047,31.672613392147625,43.13870900618716,0.0,62.77546179196763,1007.9580748637037
2022-01-16,11.58098875624791,6.271506883424233,18.568649516765312,16.67635707257758,32.3792233465535,34.9385066670737,0.0,44.43467700390459,1006.3358337795801
2022-01-17,7.824150106927354,0.6893884047660102,16.844709151818776,20.527052968743693,25.805755834942996,35.95396224326552,0.0,30.19921458785861,1012.3655077110861
2022-01-18,5.250041153656243,-0.6907280192340828,12.884251827024825,20.20068275121967,27.903523125483762,36.75960998763823,0.0,57.48950488444132,1013.9130073751993
2022-01-19,3.778588233219847,-1.9483287326276129,13.18375864252932,23.525378501778857,34.37699225521797,51.10664478963396,0.0,59.444865081633075,1011.4666144741827
2022-01-20,6.5879503339781325,-0.08157782963373261,16.793537527417286,11.19600934130615,30.635462697378763,34.73942961861846,0.0,53.67938476669019,1016.7198721410261
2022-01-21,5.754217881541424,-2.1050848226782044,15.304451541132682,26.30162320906698,41.11268237876436,59.91829235052373,0.0,37.04818035073316,1005.9915264712599
2022-01-22,3.707993820834291,-2.1863459609054954,14.661477064713786,,22.23141401691246,36.387860380928,11.65526632228449,69.1413525857555,1002.7887753297177
2022-01-23,13.003390062565973,6.0657925997867705,22.52955647495587,28.054544757669156,37.852801434234394,44.94700339328672,0.0,58.19576360967335,1014.5114709293778
2022-01-24,12.319263119889836,3.4882499930489548,22.43233828993454,19.61598081829261,28.6593740641341,36.665695258083616,0.0,44.334632426889115,1011.5321758630705
2022-01-25,10.481216401585314,3.8713158309950604,20.47541455237532,21.81347736636675,28.0193213836061,28.528866812298073,0.0,38.75810114232376,1009.562108089748
2022-01-26,4.422476836651175,-4.126511045936548,13.804071410331455,31.67631296685419,39.53925497530412,47.369902134724356,0.0,51.971344867528394,1018.3017174781784
2022-01-27,9.864655748567287,1.8962926272851526,19.67546664850263,20.7691620878607,25.418058142192862,38.883233748933,0.0,62.83515096133322,1014.0759440155845
2022-01-28,9.335624866715175,5.042031458464427,19.94372423391964,28.39734145153969,35.23449200743319,41.46911497004098,1.1706761270753745,61.053465295871725,1008.1767672656769
2022-01-29,8.864073776888842,2.718579419542558,16.715318048046598,22.444310885460443,27.76026865823052,44.460810572795864,0.0,44.42995602599106,1007.4062356330289
2022-01-30,11.407631907867144,3.9160398685242033,20.237354051342408,24.370913942846464,32.654193949609706,43.69500304413545,0.0,56.64310102026409,1016.734434265478
2022-01-31,9.689420463921726,0.7558609016807267,17.77905879335836,22.687074720704857,28.7260254677166,57.774278328015455,0.0,65.64551686570681,1011.7260812842908
2022-02-01,10.130455456309166,3.8385740005016036,20.236677379461604,26.618716657221835,46.99696909852722,51.36794718283435,0.0,40.92801148879822,1008.0730392329131
2022-02-02,9.950634428861594,5.4867071582278975,17.538792046090638,18.992679485451564,27.467661889388275,40.021552806616384,0.0,55.75786441651833,1014.2612328538671
2022-02-03,9.194151378906795,2.384105505342456,19.112512005775194,17.539664117201816,24.92042988621303,27.014588414027894,27.51632538169695,95.84038460557773,1001.9042121104894
2022-02-04,2.955125013289331,-1.6776939473304706,12.751252463632165,19.30527339637611,25.88180251827815,32.59640602507041,0.0,39.70081413647323,1013.8670795447127
2022-02-05,8.693282792771335,0.9356849913743677,19.464599400982877,23.033620945633633,29.084554754144495,40.60689761438054,0.0,68.86631549259411,1015.057194665038
2022-02-06,6.912544316290225,0.3741593289813352,13.406068511834738,21.46654601317502,24.309521026430712,75.64748578312452,25.220843021118874,82.60535560302424,991.7595218412258
2022-02-07,4.882496326414876,-2.734660515471556,14.140213385730352,26.156230820939054,39.142558590220766,44.98232700655127,0.0,52.33353369794936,1011.9030691286181
2022-02-08,13.910524686517677,5.563715552125059,23.452041672402594,29.161366917003583,47.069460940122234,65.0425519761957,10.3539583896059,60.202459122449945,999.1044123899616
2022-02-09,14.197230712865158,7.052490627051272,24.81490166969315,17.789994457939585,23.045097689092984,43.7476690336603,12.14340170691737,78.32619456446034,1014.5233039012652
2022-02-10,13.235147568037295,6.172950921771387,23.67656207637048,19.029536331639815,34.68008987681017,39.0966960554969,0.0,52.76643549964577,1003.629603223525
2022-02-11,10.072394679301237,2.299543202103081,18.51354984955193,15.546784845571443,46.61906769092686,53.506154162602634,0.0,26.762479591658895,1009.5540279188483
2022-02-12,13.509881806289574,5.297606799026237,21.98480092147345,32.90714753527129,57.178201784570135,63.493287395775795,22.46060030735364,74.02900514034333,988.5091342877446
2022-02-13,9.647356533813666,1.3020876024286512,15.651103904239042,24.30452162856866,41.711382986365706,46.79293689149579,0.0,60.64484761833475,1008.2526488578653
2022-02-14,10.374672511491044,6.1925215330766274,21.22444872603367,25.20466051961939,28.3600283007058,48.184332693715774,0.0,63.88100624298961,1007.8895275655537
2022-02-15,6.6427974437702355,-0.13815404021871114,13.172902219990796,16.127657763119032,19.252260148201575,38.920597298736155,0.0,44.43245002297692,1012.7909403344897
2022-02-16,11.272917026575225,6.191570477587468,20.621334337282978,22.844469664223162,34.58217415817785,41.074562885259795,2.762818469066874,54.24892318848889,1010.1400530485281
2022-02-17,10.423586104252198,2.1218566503432825,20.198356133084072,25.416742197927526,33.17326481703864,45.68284978937584,0.0,66.7228871698276,1005.2423417624713
2022-02-18,6.496663267123457,-0.7453251588933485,14.143956294791744,21.62545325485616,22.84645743171407,39.41212068907471,0.0,54.28001654303995,1011.425959110485
2022-02-19,10.41487761279046,4.31376521762827,16.68203993296481,28.285060475490017,34.00178933702379,43.518004915993004,0.0,36.655144072469035,1016.8681027117278
2022-02-20,10.494739067155901,5.5542179265491445,16.62850137247402,34.48152471197461,45.88005663995673,51.97250160786711,0.0,69.85165611544451,1001.5566660164991
2022-02-21,16.29363052000256,10.598512390403426,26.43260652541211,18.201433076500173,25.10958496312636,29.246732053265916,0.0,52.43066773147306,1006.9632934097208
2022-02-22,13.752117226395713,6.23322875369459,21.8166561468868,17.839226245553284,25.622469263416654,39.002849770704174,0.0,68.09462532617655,1015.4604028500642
2022-02-23,11.273804799219654,6.25200707316146,16.814626691449256,18.572330719446775,21.693016097899395,23.980186141677905,0.0,38.254519649601406,1012.1338216515471
2022-02-24,12.157232300667765,7.689317573975901,21.4593491372451,31.002085334552213,36.66444862387614,42.894658071909056,0.0,53.54815902893098,1010.2561073555414
2022-02-25,11.71626925304689,3.2761254619091353,18.217295569877066,,39.96174965613757,45.32985080328046,0.0,61.116832284126815,1014.117249295041
2022-02-26,11.14896057693368,3.3279088290330963,21.407329081438956,22.308985776572534,27.76768861920108,29.905708894969994,0.0,53.95426166198815,1006.8645031981283
2022-02-27,8.685748436037736,3.686773782747073,15.543179152217586,23.17497542778219,39.63328069941936,46.967600494240735,0.0,40.80392557214809,1006.4583317445991
2022-02-28,11.656407023239124,6.194849306089166,17.858032003779982,18.91353192521481,26.820878347728748,33.58879917492005,0.805064046335353,27.08291795957964,1007.3611268923389
2022-03-01,10.048953334507214,1.1886024488527855,15.55810399583682,27.448978298615373,37.741644812993314,41.12590009726897,0.0,73.27918155404032,1007.5977380413732
2022-03-02,8.71508710461455,1.1741646708189633,16.784273924440434,21.100444578138184,32.69681377516862,52.008643205668335,0.0,57.9764584228159,1016.7930883584631
2022-03-03,14.179531972423424,7.1269219513543005,21.88395749933315,21.69920059599869,32.993118729033846,46.44040886096913,0.0,69.00161263349366,1001.5456317130224
2022-03-04,14.000487218113005,8.462344790992352,23.508360085731862,26.041680261083073,29.67084684187078,37.77817117700702,0.0,66.14402919232539,1004.5782789191691
2022-03-05,7.648337733020606,2.152712012187994,15.435953256178824,22.05442388750906,26.215249552172846,41.1512301484588,0.0,62.16216191343495,1004.2392972307082
2022-03-06,12.823059841236562,8.625441747785409,19.885955654782787,21.81475583683773,23.011750259140904,40.48540493337927,5.244241575521618,55.86376915620465,1015.934586426798
2022-03-07,16.36170373163432,8.719294397124663,22.931633225431987,23.036170536416225,29.186824711589562,49.10004157296619,0.0,60.877203107669544,1007.5499766197628
2022-03-08,16.736534573643144,12.520658448358722,23.40541504646297,26.952303624468872,30.869394171524643,35.217407796563116,0.0,72.1904433564487,1008.7362226438463
2022-03-09,16.821361030100903,12.797074341214508,27.388448441067787,31.198749623756235,36.536592892301655,51.468482300799984,23.925050246213505,77.52867636087724,989.4838150534433
2022-03-10,14.046245812428694,6.398770373123798,20.03671742495557,25.88300148119768,32.500749513362926,39.29188502071226,0.0,77.82041253279029,1008.812957392166
2022-03-11,11.580639430096292,2.836270644350666,22.509697977439195,26.959959069283038,35.5931682291365,44.862291801109954,0.0,37.00693736239773,1013.9936333698394
2022-03-12,11.051506490618726,3.2689912519821736,18.013023221772073,21.93047043931353,28.91256425711862,33.46015766542503,0.0,35.71709666485064,1011.9279006027971
2022-03-13,15.52374822100516,9.165547267883266,21.054089633510145,19.375643444056323,26.266875127950005,34.07882679694705,9.959700266274226,75.82063281387954,1005.5407983411773
2022-03-14,15.815551609202608,9.385325361398243,22.307693893929798,26.167999619403027,35.92268001890573,51.00776778637843,0.0,45.17508476174946,1001.7871703699054
2022-03-15,18.727874662893413,12.547192549647885,24.078360940221124,23.7362568761647,31.283558148187094,54.69762846719854,0.0,79.52004304514534,1008.6677058412321
2022-03-16,18.35432616491434,12.731107829362672,28.094504779897836,15.747447739396561,29.353533380432886,36.573977251434314,7.582149218158497,77.87203075113797,1007.5404692034853
2022-03-17,14.846487335580965,8.237916264651766,22.9218048108276,21.19934079799233,28.76343798091184,32.25306933050007,4.670989779932468,78.25474888303572,1003.3908651277305
2022-03-18,11.6995660239616,5.5438112382560245,18.721485737162403,22.402867625412977,41.91765868911777,67.70100115898899,3.681151960751454,68.92627243129132,1010.146231006146
2022-03-19,14.664042481117104,7.673203080913231,23.63634010890648,20.241299749794088,23.753555068690087,27.94992122935746,0.0,43.94099651595647,1015.8623094729218
2022-03-20,16.462346666717394,7.971746264211923,25.246225822419316,30.177082955862865,36.24849617619195,37.67732126470419,0.7079490296658631,35.725054925076975,1006.5655075154679
2022-03-21,15.393750263831787,6.418703177212736,26.032982799197327,25.14100308457194,29.855058964419136,34.730720088609324,0.0,72.94353603026826,1014.1509021241957
2022-03-22,14.455664593481215,10.06194814406663,25.223227693971495,29.57968030639534,38.44189508856377,55.32528719310745,0.0,37.005181527855314,1008.6850177492953
2022-03-23,17.137292172759903,11.213874809453195,26.221394826752334,24.001533039737954,27.511938179982103,31.4579927560363,12.542493566269865,85.30687246237312,1010.3376523977618
2022-03-24,15.055943115223961,10.152412136389913,24.96283867868897,23.060558837315284,25.383234541807266,28.06238542788651,0.0,63.035377122752266,1021.3632681190193
2022-03-25,14.872628443649399,9.112026074021731,24.62717904566047,17.938464522914224,22.002093966817235,30.619532481676266,0.0,54.08496815415878,1006.2313584953112
2022-03-26,17.87997128902223,12.442606196280114,25.82779248522163,22.647565796279803,25.11835566444399,48.5400625158572,0.0,60.30457221202373,1015.0796686680668
2022-03-27,15.928140931534168,11.055455273400227,25.15489065973467,22.618292778848282,29.298728245066627,40.49228162976742,18.80485418459915,77.50785999152843,1007.727586501754
2022-03-28,18.054601660827938,10.234221393721485,23.52415570692936,15.681209591452259,24.29748691456898,26.545476930946503,0.0,52.57107533695504,1006.5019752610555
2022-03-29,18.32967856180228,11.8482348476561,27.87780506070412,19.781559104822573,21.805117459204073,53.727181370044335,20.92846071205259,90.94386145987909,998.3893986839997
2022-03-30,14.27911002403237,5.682882112946242,25.050108067186578,20.823873620565653,26.62437792393244,36.85840970948798,0.0,71.69681032719441,1008.0744578202641
2022-03-31,16.44050121440002,12.277538998164946,21.95034973315445,24.467458740146284,39.25298055850989,54.96091734360576,0.0,,1008.4481467235429
2022-04-01,22.383824628025074,18.048934562365126,32.400519335576206,24.66528215347514,42.21798066587965,43.97678881968617,0.0,47.80006735959635,1006.885475369015
2022-04-02,14.76991096035195,8.75354304570023,25.367791120247578,19.40911823042353,31.791618188057804,60.17884427729136,1.9838412606871612,72.45690566746994,1008.2479137011725
2022-04-03,12.091173296134226,7.689786694114041,18.448306634946597,24.61595886145856,25.37446370374386,31.121253728355512,0.0,30.729275438334167,1015.3837720858293
2022-04-04,13.039864966337916,7.726216984263749,21.18873209199314,21.31585064002273,29.407933189111983,31.004279305040704,0.0,60.326711284135875,1001.1097514122024
2022-04-05,18.896216086008064,9.966067370624945,29.463365438785996,7.831527272818402,23.723350410133257,33.14682844649363,0.0,63.874901298507055,1006.5720303302732
2022-04-06,19.084291566973256,14.039493529550185,29.845647594111064,19.708260833861836,25.088504368536967,40.79109047959949,3.4024425437219237,48.12197627201358,1012.8851434539079
2022-04-07,18.820474195411336,13.829885488350882,24.587768501525233,27.477633457941472,30.362151825623954,42.82456676482864,3.848788553818046,70.149335547688,
2022-04-08,22.996702958004683,16.128499614026136,30.090728311337386,13.623370948466325,28.763933859544018,41.066771128122234,0.0,54.68336966420048,1005.3926989509015
2022-04-09,11.515462979307197,5.025471525341413,20.704330826212335,22.54437032099078,39.11351402947007,50.7783892102111,0.0,48.45159853661058,1011.9314826470979
2022-04-10,20.900553518827717,13.998362032813493,27.2299045151433,29.85455534632001,37.36359221596801,46.14898766300782,0.0,66.55868007596406,1016.0297959517037
2022-04-11,24.57475194935081,18.691075558308075,31.52337572115769,18.0713554417828,20.978632886044068,22.729803531122997,0.0,41.97178685562701,1011.6080724947659
2022-04-12,16.683627677122264,8.549815877647529,21.823374037150423,21.830188466091144,23.625052364456252,54.794529730656244,33.10083512025845,75.54278280747423,987.5459693029321
2022-04-13,19.10287793330999,14.409975176097676,25.024008018897185,15.243252851520435,24.716693566913136,30.68996443533011,0.0,31.21184543416893,1015.6672672465343
2022-04-14,18.15769212957984,12.015728900372512,26.531669096086304,29.842265762560842,34.58667377425263,54.555006946920685,0.0,58.428453360774355,1018.4272260887165
2022-04-15,17.9060914905029,10.457282248282464,26.824631888327996,21.231124635449365,28.414824838126446,45.315790932287,0.0,55.52612747456193,1006.3070747570832
2022-04-16,19.781745502985626,11.440563301571128,28.675216489560647,21.821518782349898,28.476545148290377,33.808345591201935,0.0,48.52365079761088,1010.9247785975066
2022-04-17,25.21297861019803,19.365120578414242,34.883141434867326,,32.19490171179091,46.179103714510305,0.0,59.675498414668134,1015.6215429176665
2022-04-18,26.611213006393918,19.772485010925152,34.10290148882667,24.773798107662294,26.478103310526464,33.98622320142119,0.0,54.045158447586545,1011.6050780782369
2022-04-19,20.25825456615323,15.912554841116922,26.899198863600162,17.025723384901383,22.511731450590283,23.94766111667884,0.0,67.65634752766655,1002.886758617371
2022-04-20,27.146711693953158,22.295116253394013,32.240195894208306,18.103929700631088,26.41460406969102,26.933495468361407,0.0,61.72181186564122,1013.2548979834754
2022-04-21,21.702109813327024,17.356419000996453,27.941888769641345,23.75043830866192,32.328919964364516,45.139834064890515,0.0,60.43233079449223,1005.2566188237308
2022-04-22,27.0186447611243,19.379240301131688,33.892971634336526,18.08966829086812,22.60609082211556,25.63288460560306,0.0,58.50233444272246,1005.2554733817126
2022-04-23,21.63816093796082,16.197861094350117,27.707402076843614,10.557597512376537,26.91353755692463,29.927240472256265,0.0,49.334002521435494,1002.3242294115323
2022-04-24,22.469961922982247,14.851235472023058,27.59082875196186,20.81021900662125,23.96553989170071,28.2680441702446,0.0,51.378357400291634,1017.3572054820734
2022-04-25,23.330142737130796,18.998151341914422,29.274828389121947,13.607057010500563,27.653454328457617,40.67065243006721,0.0,57.97859008265067,1006.6784252556442
2022-04-26,31.925364046094415,23.612625044052788,40.92196136749985,29.020335029280997,37.1501148280868,54.21233033401216,0.0,52.91968615471437,1011.0941636770264
2022-04-27,25.095850281102763,16.918199290547307,33.87336277993834,21.752799528337384,27.274390548320063,44.083397614691194,0.0,68.33743396519594,1013.803613570649
2022-04-28,20.571451981411997,16.126808266160584,31.18555381780025,16.272071028333006,26.58114801487458,27.820767603531213,0.0,56.12140227452503,1011.8219227468448
2022-04-29,25.749507843677115,21.63072531139118,35.53851759206097,17.233040119390985,23.608576202634463,27.74576600015973,0.0,59.511599293901575,1012.9415674694746
2022-04-30,21.904257698538927,17.622813633628972,30.310794399586076,11.206662301440065,13.5029778651978,17.050911633715018,0.0,38.16779279325327,1014.8797937572178
2022-05-01,21.665674622681166,13.397523756947496,27.491012707640436,15.083002521176745,18.05070300427295,31.061122016315082,0.0,66.31876326472452,1012.982882982586
2022-05-02,26.003784880341396,20.830267435081918,34.388215793892336,25.587825079932376,31.671320702690412,35.86875650327577,0.0,48.02591687590788,1006.4485043230163
2022-05-03,23.512136570475857,16.770769981184912,28.881706935960942,31.590294263005408,36.58757272378898,43.66674692234809,0.0,42.48815701243943,1005.2651782806737
2022-05-04,24.393308182995757,18.262087167095473,31.978617567460873,23.987780104364113,37.82770359005821,51.6965202120522,0.0,74.75423210935085,1008.8009367406116
2022-05-05,23.735997263163995,15.758369632020985,31.077549036847167,19.81932077443715,24.645899929293236,32.858723858323664,0.0,63.371458269191095,1010.672294770361
2022-05-06,24.837972224915827,18.393480717562475,32.40485508109348,18.042797043482892,22.6477474959823,32.85031185892213,0.0,66.7251486267013,1013.7494365377355
2022-05-07,25.234982113563483,18.731677910257133,31.913937623932206,15.34252263196596,19.501107637044306,26.37351128849263,0.0,60.453954194887814,1017.5830841902691
2022-05-08,18.278686454487595,9.333226756988083,27.393669140230536,30.345609290776807,34.23419023112062,87.78708309569458,17.949144571205732,53.882190449155466,1000.2529864331713
2022-05-09,26.21641097049071,21.465763186744425,36.262077774283384,19.02420787396046,23.01268297720701,39.97859266556394,0.0,51.64475190332484,1007.4936789578331
2022-05-10,21.395305633773287,13.24178594004363,31.00640758936715,30.466688976332343,33.070925730259255,44.73194240859293,0.0,64.34932222548004,999.133582066808
2022-05-11,20.13666568904508,15.877916961025658,28.903178263790362,26.77616620169914,35.141773287609716,52.15568804572338,0.0,68.59022850685952,1005.8840479774619
2022-05-12,24.408020630202483,18.01977678233763,32.638089426200565,11.024079406622299,17.78655127775108,56.75140272962941,0.0,54.18179502488985,1005.6095655007047
2022-05-13,24.952345234267913,16.520671114602795,30.138850314316095,16.317280432326193,22.881749574433,36.57863616952568,0.0,79.87051437640962,1007.915876552031
2022-05-14,22.734453476204603,15.408383648183996,32.07205746835613,16.220309583810025,18.116998953048824,25.826881578357252,0.0,52.63217740347029,1013.4938351013687
2022-05-15,27.420025222084895,19.993952125254232,35.68992285955588,19.084332275838754,28.8101987197023,39.19082126859038,0.0,38.271898661320336,1011.100422731238
2022-05-16,,15.69313017593141,27.634162891197157,19.099582110427313,29.47801611322606,77.20946801305985,34.869195468380546,34.34172710807228,1009.8366522053101
2022-05-17,23.92204564370621,17.82917168689894,30.88909787682686,34.29952294063075,53.225103176434864,58.913383391187836,0.0,34.74669558544808,1009.4316422839457
2022-05-18,23.49218005718026,17.659274739685006,34.10582077599871,13.848971530030884,23.860028734330093,29.165481383654246,1.7587766258064497,51.61715745235586,1020.0874437935208
2022-05-19,25.20822619578479,18.601010144994817,33.95439966648815,20.29637802947501,41.64533198100945,51.89429465702717,0.0,52.2157837466466,1012.3288972227982
2022-05-20,26.282996394975548,19.97185674425721,34.13847100292072,22.150143289537997,26.58574612990614,34.183714303995444,0.0,63.1911956521587,1016.4406717970393
2022-05-21,22.51834105315493,16.883849293769984,31.24387149140538,18.975504426621903,38.544688875017144,42.05926259577487,0.0,54.65670357695475,1007.4237853106426
2022-05-22,27.807656788955356,22.280253727099506,35.290110738869295,19.449735817534602,29.67616956437697,38.766976011693814,6.450511473766813,70.92591274200035,1001.9507724118135
2022-05-23,25.913749714381098,20.659485256105487,33.734843353599196,13.58999059315965,22.977635867490463,43.82813345910262,0.0,55.53871399147393,1009.3085551658721
2022-05-24,20.1359560511193,14.310719816695508,26.877811591365322,19.261426957612784,25.707828370020476,37.08470404193714,0.0,55.162257113522394,1011.0844780911069
2022-05-25,20.02016524498358,15.270457855313278,27.659285048533448,21.200735868134768,26.70618790416705,29.579353158676703,0.0,48.06982151189864,1007.8532773943498
2022-05-26,25.940194062041062,17.579672552023194,35.053747456668525,20.19629795696412,24.89238144104587,37.62241524735525,0.0,72.07106152477375,1006.2604306614888
2022-05-27,25.39250591667961,18.381908957512472,30.632157467198425,21.323688268646453,41.312783770021824,47.720218095924004,0.0,36.62218844106407,1010.8872708966005
2022-05-28,25.82042382415908,21.1514916961898,35.590588267936006,25.449971899348473,31.75096538983284,62.49552236694506,11.180726222482614,68.67837708880094,999.6200062492975
2022-05-29,26.119011149780512,18.649714478735504,32.81688839494839,22.985899096400672,33.334174700650266,45.343119455488804,7.725828587005657,59.77344018731429,998.4694997608069
2022-05-30,,18.71055669559285,36.044247796177714,18.571584232509835,30.442275115081728,35.28654482233891,13.821295798461975,76.8202213886698,997.9125802640187
2022-05-31,29.18136546690575,23.993687106644455,38.03771735498611,12.270300441719277,24.03132860854738,37.45751322194592,0.0,54.75004718612981,1010.2235232674016
2022-06-01,23.068245558945897,18.315242587259576,31.98401385379373,15.043008610887847,23.434710092654758,33.027372699864536,0.0,55.103724467390784,1006.5301979472792
2022-06-02,22.945706900544305,18.902620614875545,31.59448039807912,16.858809255969483,36.20065035385264,55.7005127135658,0.0,51.80032453228347,1008.4294529303296
2022-06-03,23.238611518848813,19.002359824566387,33.99322254726602,19.132636955571574,28.9485140771855,34.23002737999712,0.0,71.71907684958397,1013.6599444148183
2022-06-04,27.439177624101426,19.62792088258387,35.48924260027377,15.393225027480373,19.99948893954472,31.988328788927184,0.0,55.02887062072348,1014.8722918933851
2022-06-05,30.357981450142738,21.42204978993427,39.751896143234845,13.020267617249278,18.715262752872917,20.46862502531609,0.0,78.63581453936166,1008.8885810416225
2022-06-06,25.376684825648045,21.152283213266664,34.60938081305551,11.672074158230997,13.668693352817762,22.4611238155361,0.0,58.26696497953043,1006.4299880618826
2022-06-07,19.210005474417663,11.4696506790182,25.627610938087646,9.27142745563635,18.289559032123023,21.085452657672466,8.392859361578743,62.814691514988795,1005.1820191386461
2022-06-08,21.6443531687311,17.2850423395263,28.344188203852056,16.266951445518682,27.19166500927402,36.54668546547724,0.0,53.256076481746746,1014.1994742975266
2022-06-09,24.295261004599666,17.33459688008133,31.839363593541474,10.007931902385572,21.55630910509033,32.5175667213507,0.0,61.77096279622214,1016.2125347794592
2022-06-10,25.15602532178737,17.37564890964618,31.822212904566626,12.268375594613667,22.49493719119885,34.15030547649547,0.0,47.93927952511353,1013.3902090264869
2022-06-11,25.63567798456967,19.83965599823098,32.83613657814943,15.216455571085906,21.678805515434757,26.953505670415815,0.0,56.74890878846844,1017.7553594276619
2022-06-12,27.005000814903635,22.950327209350316,34.35076449847347,10.42158052441502,17.76636668368932,26.76401855079235,0.0,55.09764416929382,1020.9810555955435
2022-06-13,25.979205311129917,19.003258550502785,34.602392676759976,18.915396493525606,26.275133983277712,44.13975578915463,0.0,,
2022-06-14,30.084415807463692,21.128192666763553,36.40375606387406,20.633510740829458,34.50473427045618,59.66318128141364,0.0,59.20036391514106,1017.257106129364
2022-06-15,24.927057040574862,19.638969926382384,34.75280823583499,14.101336549969947,15.441683805997084,67.89679556583211,31.494063596473385,59.823938562206955,996.8510240799261
2022-06-16,24.383620825763078,19.436164439827,32.008838966392105,14.579752559545312,19.81312427964101,38.01638709490243,0.0,56.13885695407951,1017.1272748443541
2022-06-17,28.41941624827259,23.799786784505017,37.65688091837207,19.368821387055352,22.68190885829121,26.48819495095116,0.0,73.82732190819249,1015.1405760146201
2022-06-18,22.38482391385816,15.608545814357878,27.873478801303065,13.028871137830524,37.341837063391,43.33492467894679,0.0,60.07082579418981,999.5134323442282
2022-06-19,28.166528637738807,21.18430314093744,35.986321002485006,12.602766345646073,28.24761027367086,38.26180946358966,0.0,86.27183546031193,1005.9317227843154
2022-06-20,27.307557688276894,19.34620350242488,32.47687488134086,22.41695718625232,27.81494474146657,35.4523051093679,0.0,55.59821690279047,1004.7213187072283
2022-06-21,26.556755775447613,18.791389407345065,35.612215726341006,20.773896282441285,23.148327870430318,30.168918644626253,0.0,66.50695950946209,1002.617515661306
2022-06-22,31.759837409008718,23.297129935033283,38.822097870991136,19.27968844836593,22.25460048510735,39.16338483171961,0.0,,1016.0583848442121
2022-06-23,25.121054535551217,17.092191043839712,35.81657142018619,20.819654453321625,34.5705963175323,37.82797190894155,0.0,71.80947106373564,1020.1582698279706
2022-06-24,33.157983281091546,27.921647865694325,40.10272856870006,6.225066547143362,8.16765022629022,11.742870639054988,0.0,46.54859275870636,
2022-06-25,26.286953571611576,19.50756654723277,34.669788959717934,22.8012263506832,30.229159701645568,32.59891679497186,0.0,60.47053621547314,1014.7364093715851
2022-06-26,23.115109087196988,17.628049291729088,29.659434541364675,17.913530788840607,30.24932079854849,40.49103878340705,0.0,51.82687358123049,1017.8857284686713
2022-06-27,27.135584084926034,21.48665718716852,35.85625985861007,20.928905220180905,23.665130655146452,30.065486700282882,4.088541683629947,64.10378108066953,1010.4476180608269
2022-06-28,23.673519102971696,15.013797256821714,31.475773203771105,17.733214973829337,25.105802980563702,40.88867470893651,0.0,52.18244515754212,1011.1075642283403
2022-06-29,24.620185949115246,17.21070642377988,31.843955518149045,15.965090655858486,21.429445935970787,61.91124778408461,15.680750558743465,45.528965272945406,994.5111221146187
2022-06-30,28.03652954964861,19.16357748339308,34.25866564412969,14.267656399820407,19.217490988189194,24.387315418351562,8.55602625066136,59.441316148021805,1010.527157637466
2022-07-01,28.478938337730177,22.394375654136454,34.14806640155891,17.404358348887577,21.742265599410064,26.25443524687539,0.0,73.49896148969975,1016.1121304102513
2022-07-02,24.909247507337614,18.222059640567732,30.628522311077653,13.935051388248363,26.93509234048891,34.210551827336715,0.0,60.60731522206177,1013.2687606791226
2022-07-03,29.698331492095253,23.262754392513145,40.69257159712857,19.759068545246297,37.525882199654916,40.36160388529657,0.0,39.53379964145043,1011.5084330491361
2022-07-04,30.16582343698308,25.629388149364445,37.63968779812649,7.414066536429332,13.516516980343154,30.703521579466106,0.0,68.14459241488072,1012.7165079469088
2022-07-05,30.95622088295458,25.772710910321564,35.967799130194614,12.565918498325358,21.98079275154127,28.12809748242652,0.0,44.30182983607265,1003.7381084619049
2022-07-06,28.186416255582802,21.548234452560393,38.90398899933889,25.42616993033235,32.91748403278533,34.87945301848871,0.0,63.920311456697824,1014.5509593388651
2022-07-07,30.636182123117354,26.299310597452322,35.75606166849623,12.000736342616415,13.521964351516036,33.104759326669466,0.0,61.63798177115087,1006.5485797491984
2022-07-08,20.84809567901273,12.190786032468283,28.35961243233993,13.867655123220244,19.797546802021824,27.159454045528577,0.0,62.39572559501625,1015.1272961901259
2022-07-09,25.478257734248498,20.859039324531643,34.783123250072435,10.578975017125003,11.821165877455556,24.494764508341163,0.0,77.23826999401817,1017.0055083683463
2022-07-10,23.76935680832435,18.779453076239815,34.25695227455492,16.60280536461248,21.73398961941774,26.966969375620472,0.0,45.05630890117582,1006.0377410346338
2022-07-11,26.663372392631924,18.83676627293874,35.94069014122453,11.174861476309854,18.40606383252675,38.451528206824136,0.0,62.329537310641946,1009.2000864720951
2022-07-12,24.52361558382756,20.03894287488099,32.30537011322763,13.861671759781933,25.563552244527862,29.55398362675163,1.9011825252623902,71.82612762192478,1020.8222486576384
2022-07-13,25.66872441827483,17.167333920197784,36.515376652179455,18.968550894129926,27.82303633936126,34.22093721433772,0.0,47.27989958050154,1010.4291333597489
2022-07-14,31.73994452726548,24.1114396736528,36.975860825465105,11.165863584858254,24.382737950465177,25.719713242411252,0.0,46.05095703382007,1005.2415209302576
2022-07-15,25.507491541775245,21.164387256230953,36.42884475700329,18.539188548941024,22.348358083811192,42.0609386128079,0.0,51.553749534730784,
2022-07-16,27.178290777142173,19.719055470713908,37.27464008739281,18.644740443366896,35.01321957063746,39.7000740343697,0.0,58.89679642986481,1005.8846410365385
2022-07-17,25.157424208311294,17.999281497454703,35.73100431106945,19.74686242306058,37.525523899986155,47.94811544015126,0.0,38.07428471246858,999.7685513027316
2022-07-18,25.99577041279493,18.20902324909534,32.52440495738015,15.114320406210393,16.292545733745165,27.825314260951693,0.0,61.616823890299784,1015.1549658801706
2022-07-19,25.698184285017106,17.557195022570426,31.552932718722726,30.558507614451493,32.39781824072439,49.953048354090384,0.0,38.09935909905128,1005.5572381849756
2022-07-20,26.933741703722017,19.341988887856242,35.91363337995821,19.56655842846743,26.678848694289094,36.52614580621183,0.0,70.51996990968937,1012.6041144069688
2022-07-21,28.99048601519056,22.0596045388357,37.08564264310728,15.861053984374092,20.709342385295127,28.422066384456073,0.0,61.16520193708148,1007.8301484516938
2022-07-22,30.339725860058085,24.7274092671492,38.47873362452436,9.80093486563861,15.22994483569721,31.55525566459699,0.0,,1016.2515292459939
2022-07-23,26.226599876611196,18.74023156746155,36.774314947510504,13.64028416379409,22.440474242339175,33.83391676250545,0.0,63.02540512731157,1012.5514204866788
2022-07-24,26.96382093171182,18.178963008557922,35.68430637163139,21.203385609106597,34.75939950504737,83.07329323938752,11.819150330950078,51.34287458654809,981.7621503956703
2022-07-25,21.637302658406306,14.699693755761935,28.503685669033846,22.566758759218267,26.217595171589885,46.53530042745123,0.0,45.415874377388036,1012.9774234277845
2022-07-26,24.718288338658216,17.396563996486947,32.11868767716547,21.359245770596424,36.37497896279941,48.4189892484481,0.0,57.86669269693435,1008.0950965134282
2022-07-27,27.69214780418116,21.506507593182157,33.49312281473227,17.84327127641852,22.121200651044354,24.723715770609942,0.0,54.6369929382655,1018.7654081132974
2022-07-28,27.355917416860233,19.57531336814486,33.50980165851437,7.589927974902594,33.95541433421841,56.79459432012784,0.0,69.23366841852732,1011.8827270949465
2022-07-29,25.276977604251012,16.288640642557834,31.137078025508245,16.25618169203517,32.69934721651748,37.818743243816556,0.0,43.85657420374181,1013.8758871362875
2022-07-30,27.182906333741304,22.380959713402625,37.04465438100943,7.566742822969696,12.188541496201065,29.683868157279452,0.0,79.25082400553174,1009.6190147704652
2022-07-31,25.875074867677426,20.863048470158617,35.104315675510136,6.291033184347073,8.713009148145922,10.713132883186518,0.0,70.29732330057993,1009.7427098736883
2022-08-01,27.88025387763006,21.18306508430811,36.06232398329517,14.880082782636634,19.420788417181207,35.67568100611601,0.0,52.55771643691427,1011.9586350821199
2022-08-02,25.02151959020589,18.6146426038976,32.26772659197132,16.257465642802146,20.329989626968064,23.095014816028545,0.0,76.57385077165144,1010.1474209219856
2022-08-03,22.95803814823826,16.100189225704664,31.96900389018436,18.116824472536344,28.886207893037607,38.537893713649474,0.0,45.60246285931273,1017.3571140770947
2022-08-04,24.901969821234655,20.65659958261329,34.77940190740922,16.045394588783005,17.255016803790127,29.05749386135213,0.0,57.46707747898274,1011.6451521858148
2022-08-05,14.969636583620632,8.948254301968387,25.257035877650885,16.1787334750392,18.03957464959022,24.962824487045197,0.0,39.68234738116415,1006.1699550526429
2022-08-06,24.774750704911902,17.8598593945841,33.056848074149904,,19.128871367792545,27.569177578444354,0.0,77.15883107561692,1007.9927647263878
2022-08-07,12.543269028602827,5.6173122720780135,22.462579759521034,12.922093426105588,16.85930086737884,20.23079420084597,0.0,35.23135824302827,1017.2963602929633
2022-08-08,18.178312284132616,10.891642475290748,26.246148004608784,5.8764979415305945,11.057381668021863,26.14820356422426,0.0,37.71469964485411,1012.505106028482
2022-08-09,24.56202573212289,16.96094558710957,32.409206267250234,3.3617007420335554,15.661275549144117,25.701490749802534,0.0,47.38344271526556,1011.5472498278796
2022-08-10,24.49518985740259,17.287453840698305,34.68778099113519,17.049593894025474,30.99519369833215,34.96448367895733,0.0,70.86788409611394,1015.6516587913392
2022-08-11,19.42910462013439,11.477888843187214,26.747348237722374,9.54997129956805,25.49429871439432,35.82128028217285,0.0,66.45813863294663,1006.602039248513
2022-08-12,20.631824473959785,13.508021300536827,28.007300548204,17.648686793763165,29.286445548237474,39.85198623176534,0.0,56.46460753874928,999.4311516756277
2022-08-13,26.729487661316544,20.04194934863052,33.55895573302604,18.799929989339333,25.1081973227223,33.86200566912951,0.0,67.22711453400754,1006.9694371698084
2022-08-14,21.01354738049918,13.982565236060125,29.125757750266878,10.135008393731784,16.070258524420748,16.606510967095282,0.0,53.615035303466215,1013.7999066640687
2022-08-15,29.040255884156522,24.53428905038986,37.309356086293285,16.157966387840013,21.600406863175447,27.741284846752283,0.0,60.06914535121595,1010.5123813688332
2022-08-16,22.149722326982904,16.7839396233553,31.112489198845644,9.876863614111048,12.622041087552454,27.552199763025595,0.0,74.8207129078734,1005.304545736445
2022-08-17,23.221753354590962,16.584754451300306,30.804767215248386,3.93091671174556,7.463805152473439,19.74527495324967,0.0,52.04057352154944,1018.9607268838868
2022-08-18,26.688653725277092,18.323717648268556,32.99567747657869,13.755956039066985,28.396730353611453,40.41429004561333,0.0,45.80352855073953,1011.5579751773805
2022-08-19,22.069767649754642,14.674509868314676,32.27082002423789,10.765577848259355,15.019879170591341,25.003219611733332,0.0,60.64446057192389,1014.6920915979788
2022-08-20,18.506628005831132,14.054587613471643,25.582633209259217,10.901486488836891,13.661661193427737,29.81449081110019,0.0,63.883291689898606,1015.0488021199027
2022-08-21,21.01981742311272,14.058442670890699,31.557477942153767,22.962082829327716,38.38336964481849,43.4763751530798,0.0,56.325372845743345,1002.7498733240277
2022-08-22,21.07592237584223,15.967232437656733,27.320042374000963,5.44097433651749,13.87949572938425,18.0838164773546,0.0,67.0405757644724,1014.4324702227399
2022-08-23,16.92074867198835,9.250665873044735,25.28109352940573,14.970967725695653,35.23308302497806,61.97104649034911,0.0,52.58489036519786,1014.2523064622633
2022-08-24,20.078210413832977,11.94100615128924,28.29790097500969,8.07039349430897,26.995118699790513,31.639113150381068,0.0,56.5305521150019,1016.6522833468847
2022-08-25,18.448427457672786,11.481146094722918,28.420314545234756,17.57502279999955,20.545382271232334,23.054872966777793,0.0,59.49489859076331,1015.52450928438
2022-08-26,23.275988818534138,16.31917576977559,29.109097139039115,14.516629625371841,21.301828899364363,28.12479940983191,0.0,58.448332456449336,1014.3703739580554
2022-08-27,20.4333286657769,14.740371449722831,30.892951703281668,14.913427237132218,18.23499415013933,27.23595850088372,0.0,74.35925955146618,1003.577644553627
2022-08-28,19.306400369800905,13.075150263994358,27.494969402833327,8.28596610766174,11.583728313223371,27.808337140133265,0.0,59.434675000003985,1013.1877674891291
2022-08-29,19.660305246159716,11.33976347708299,28.176961549645913,9.177661855633215,14.503930994305282,20.655730944890287,0.0,,1008.041538603672
2022-08-30,20.471101494596567,12.854499839760784,28.53209925438317,17.638521133292645,28.615813856065444,34.72543043419268,0.0,61.33578041789214,1017.118467331322
2022-08-31,21.473935903539175,14.87516760505996,26.690085344556774,21.854405315364126,32.874572831920986,41.25049195680364,0.0,67.1062100832415,1015.7207115370971
2022-09-01,16.445040764285952,10.603878833044098,24.427584735125542,15.401585387439985,25.538279186174762,30.85154128802668,0.0,64.29082529822554,1006.4166140684728
2022-09-02,16.13907811414458,11.88717942270181,22.720376090206525,8.514053886243381,14.808340821879678,16.834636494513486,5.62233816480734,68.68579520228235,1009.7376888757843
2022-09-03,22.396575073398967,17.68153806676704,29.452704155665955,14.698442556111925,26.108444262918187,28.82257825255558,0.0,37.02339827783158,1012.3262805780978
2022-09-04,17.663309803393886,12.698183855697033,26.557919398516727,25.14518311591023,27.870220812863273,47.16190897974802,0.0,25.089848597916074,1015.3234231655157
2022-09-05,14.466717707499669,8.599799991206295,22.452900484344305,13.52548918805378,22.05676838216228,35.93939687195844,0.0,70.30317446344749,1003.3133934933385
2022-09-06,19.86480050068605,11.144082265304679,25.424109776690813,20.3296093162321,27.724241506420455,35.88082855118347,0.0,60.266289354473585,999.7932522048488
2022-09-07,19.738839487935817,13.213072513642073,25.17708713650637,9.32726363633668,15.351475436013166,27.604528072984248,0.0,54.74107100061676,1012.8880212388021
2022-09-08,,8.397055199663066,19.685202189663443,12.828458694728404,21.585737823850806,35.76121838845549,0.0,63.33175633336185,999.1050552145452
2022-09-09,18.665877589372005,14.137126902064434,24.811188468805348,16.148163555190948,17.244858855454957,22.10436822657637,0.0,78.12771922799097,1013.2061332207421
2022-09-10,19.997626419608807,14.306098796593986,28.647430961436996,15.049894329344388,18.425228643879688,21.763576590300847,0.0,71.96237399015692,1015.1972545713317
2022-09-11,18.726950521237416,10.648297343482131,24.79383730551067,9.245687515683734,19.64879375655414,67.19777336451531,11.497267834575055,66.54664687362349,1009.9619017977864
2022-09-12,19.31217440326258,13.395460436210042,29.602490942911203,9.045880362988955,16.306472369512992,17.058196801807995,22.05995058316505,64.21324793085682,998.4112125967106
2022-09-13,13.015441784066399,5.152912753954331,19.274005747746877,18.052180307985008,20.07992529315514,32.47346969361492,0.0,45.91851036436148,1012.7939194367025
2022-09-14,18.033024712977777,10.019499832343383,23.579813385536074,19.087251787388624,26.23129173414528,35.78381503891258,7.1773456427689695,32.822754902079595,1010.7341826167952
2022-09-15,15.943391993156752,11.389288144663231,26.197868091314632,20.710398181352065,25.595780048652376,42.33858443438092,0.0,62.60216168661904,1005.2820329506304
2022-09-16,15.213975574849787,8.170676811715868,21.985941031310183,22.190952727990066,37.067580352088974,49.7886852150246,0.0,68.30352636953398,1014.0166019359445
2022-09-17,19.084911391309014,10.28943107445346,26.63744717031143,13.867448262251479,16.765791345175817,28.962858489858004,0.0,69.28213655429815,1013.8568429243619
2022-09-18,20.721826374521154,14.711136000003384,31.475984678595808,11.662829645882503,14.650031546309307,18.313541522451708,0.0,63.10516565532131,1009.7752636145245
2022-09-19,21.477787129576654,17.223066684561545,32.144002444523295,19.999672112416576,29.525778814150947,44.08354662979539,0.0,53.15119770127223,1011.2780360390054
2022-09-20,19.849746648742148,11.233233197452755,29.139247984331654,16.83736447212222,23.314336954834907,34.63254033408849,12.91638585585413,59.85341772734699,1004.3479841029491
2022-09-21,15.386794612610993,6.968463204748579,20.800428323006322,8.388443416952565,14.643382572800604,18.760140273135534,0.0,45.095622446910824,1016.7038623653192
2022-09-22,16.584915926029197,9.974208689984188,25.144956678497582,8.162635528290817,34.62290819161909,44.24002899048399,0.0,53.03890181001761,1008.0042633205225
2022-09-23,17.63812256432901,10.876856962608962,28.572590174582558,15.821942588885562,27.049027431006714,30.02977482834428,13.041677703164503,55.003594886090674,1005.5572595006611
2022-09-24,,10.453577062449666,26.193779946874173,12.508770253996829,18.199607296382403,25.491893964019315,0.0,76.07144878010304,1009.1654008147761
2022-09-25,15.352388315745442,7.255134538022256,20.9884032708651,13.297210285369845,15.092931349593139,49.16747650219711,0.0,39.37154136321279,1008.0468461041024
2022-09-26,17.243010317289908,10.750010125329275,24.61881413583212,18.82759775953779,24.283513894256693,27.763006546185903,0.0,52.635360677329324,1012.2151368754107
2022-09-27,14.405922109943816,10.236533134231035,21.29914258536085,17.297031376663963,19.94730714890382,21.951178315117183,0.0,31.76537903882951,1007.5240655925716
2022-09-28,12.208348024760397,4.793273242515408,17.98671666618983,20.189459509794418,23.743735392644133,26.491009325997815,0.0,58.55865833557678,1015.4413411483474
2022-09-29,12.965703660168742,4.213222311155212,22.134493527661306,3.921981918416348,7.573866233910261,14.784042367814582,0.0,54.97139548291444,1016.8250827257991
2022-09-30,15.924298690220045,7.778546238491295,22.567388876381465,14.887531060384788,29.010134042169447,42.39944945149807,0.0,50.71851575632553,1006.8229076119551
2022-10-01,13.84557808587053,8.45958738481783,20.914772904622318,17.13616083833805,19.322978192024244,27.892185351407086,0.0,43.806600807639356,1013.1704554305624
2022-10-02,14.671899860767258,10.405274436100555,20.214053120975766,6.073250925182565,19.293068206127455,21.611870339378225,0.0,55.0295420270514,1008.2575402674108
2022-10-03,15.476875354069836,6.775118291378934,23.46468070674183,10.476436335812501,20.296990377117496,33.562994749744014,0.09746973121304896,48.55419207792089,1003.8851525488175
2022-10-04,12.158231626016883,3.4729180016183765,18.10723880792922,9.594482160183013,19.317647912048884,20.468408495244763,0.0,53.35758532759997,1009.1162269759575
2022-10-05,15.368424070881339,8.706347472316992,22.960966612358273,13.952637723470541,17.390821355051035,19.982933574197457,0.0,78.48916002301591,1012.1397926503787
2022-10-06,14.053990383183807,6.842403324826131,19.914043715803615,22.03188707695825,34.1267769055905,39.25440568101454,0.0,57.06612659071083,1012.4880270887292
2022-10-07,9.031719727257173,2.7187194237031314,19.75481906695805,24.0552517282877,27.169829817903903,44.69402429989811,0.0,61.39440649568839,
2022-10-08,16.882736923264638,10.783910087770845,22.752632122447494,9.921756793760203,27.879842565674515,36.713759624434694,0.0,49.42642269183406,1015.35639669029
2022-10-09,10.87427246425942,6.277030284615918,19.00559538736322,16.678057968683984,31.015753055001127,40.11740653729364,0.0,45.58677388390286,1005.441806184667
2022-10-10,7.232978531066381,2.7492140392609015,13.414857482980306,16.892510005357696,36.82820780270886,39.18815495558195,0.0,54.72450743861623,1007.5922768900328
2022-10-11,8.886017833213652,3.7223570998327142,14.344188654049308,16.09105472315405,23.512916110978846,29.08551631265197,0.0,85.04711205822669,1019.6948960921849
2022-10-12,8.782076900721423,0.5988731686887014,14.995928613774012,16.203369131303358,22.67702144442363,38.47118362467558,0.0,51.55086766127248,1001.9430465185824
2022-10-13,11.82702691275147,7.097865409073069,17.155671557094085,15.783852073773863,21.129538283914304,31.922606421251217,0.0,59.33725364037787,
2022-10-14,10.675532936389457,5.542039676815904,16.51191723511539,22.76076548921217,48.866673169591124,62.480328172766775,0.0,45.05921781891352,1002.312529285748
2022-10-15,10.314500357413127,3.57143006080209,18.27540530399243,19.894112380360724,30.806222021103146,38.921685788241334,0.0,21.936735539178997,
2022-10-16,13.01339926859199,7.937743178200617,21.924292394937435,9.140947400599789,11.817343107255986,27.731207060091315,0.0,45.522024016820126,1011.055161096731
2022-10-17,12.004652454985063,7.188619031396128,17.528691345415766,18.48131376914451,35.1342084859553,37.47849588973198,0.0,83.56851432824513,1012.7406459175571
2022-10-18,11.765389027520355,4.948807819030543,19.411500770945967,19.02660303643892,25.322555471094894,32.395500177614714,12.402834966341974,73.30723500640497,1006.2778024932123
2022-10-19,11.880485593790485,6.0400192388074085,20.367967730910596,16.202618341594214,16.747417308860687,28.747294118904623,0.0,74.69109041264142,1005.9597995441195
2022-10-20,12.334744056103185,5.203947626900839,18.740098113369555,20.348948761302253,24.409985344091517,26.029219108507153,0.0,50.82733318081629,1008.3976918324909
2022-10-21,3.999453673493293,-4.561573028550089,11.231924142589445,15.697222366320277,30.028712317384603,30.370706842829737,0.0,26.718026754920068,1010.4951079067638
2022-10-22,9.068654713425353,4.3136890562500145,14.499663931827005,15.825177100930366,25.668264026069348,52.422243615984556,0.0,41.69549195845066,1014.8466648162847
2022-10-23,3.4617249825844194,-5.105443316480899,9.782511463982988,15.495968981180877,26.67801244201124,35.60548150504605,10.466329370879935,69.18399356632196,1017.929914871658
2022-10-24,9.952697893881448,1.4402480567668547,17.753215449395086,4.866395220426025,21.414779487475954,22.85336669162385,0.0,57.85136633123741,1015.3017620216557
2022-10-25,9.674606136379396,1.5291682196998817,20.61725920993133,14.624374595666811,16.13504123606969,24.88977834403833,0.0,54.87491444106125,1007.5172442118421
2022-10-26,12.670959049151833,5.5145294626214065,23.648549426786634,11.754745760458139,15.85516347918501,18.486231467479666,0.0,48.637011850764175,1012.1524992011263
2022-10-27,12.945038482689213,5.844305195361477,23.822768569434942,9.234251327581621,16.774399431707728,20.43686019640987,14.579599965264954,79.3982282103774,1006.0989210777803
2022-10-28,9.840194545160495,2.644131245477987,17.37871286296246,22.40791485785951,37.01610504889569,54.95073731136924,17.09815240238106,64.37217707413141,998.3015536897576
2022-10-29,7.582525807255122,0.13004805116605667,13.066608077743112,17.831011734980795,20.93078495536259,26.167774767292528,0.0,58.6938024419524,1014.2116712863683
2022-10-30,10.392881492035015,6.31047048905423,17.334322115531016,15.23376655844951,20.899270137275977,26.100067176357094,0.0,57.343937980391246,
2022-10-31,7.2095271587271235,-1.5809357370761248,13.635813410952988,12.632628525227348,19.836983203630812,22.38307096580901,0.0,50.57797067965345,1014.7902006260954
2022-11-01,8.647119539321087,1.7191007319931888,13.731878988780215,17.011970172343815,20.952350509898636,27.175415328674077,0.0,44.42444738752524,1009.4752103113628
2022-11-02,11.469901446635125,3.5625722496230168,17.041303108365376,20.563511266008625,27.70970271687962,37.08445554572863,0.0,49.87203895932447,1010.2950184339904
2022-11-03,6.700592466274981,0.8141832709681651,14.419744076569376,11.547419427751041,17.998052065384712,23.229928679765493,0.0,77.48346139237296,1019.6289068853248
2022-11-04,10.655616206548551,6.593630136969571,17.693590989374332,15.734711429914896,20.528720340350915,52.00482573559529,0.0,68.34937435919414,1005.6131060709027
2022-11-05,10.137758055641331,3.589084756259112,16.219880385448228,20.176454531503705,32.251035179005626,35.464086859197415,0.0,67.24466477538374,1011.5259411161684
2022-11-06,5.110491453656171,-1.425459142923474,14.407091277608654,6.234026341517765,16.907277284753548,20.102195180644006,0.0,45.562435518702216,1016.4335163023193
2022-11-07,10.768240265317651,4.583293823760393,17.91093384069736,15.70471124194311,28.1352517342033,34.15171932354594,0.0,37.74772872439733,1011.631394531301
2022-11-08,9.816363933262425,4.117778662452041,19.927571067741688,13.925226116044271,27.08048973963155,56.092994322618935,0.0,68.15793058910344,1002.8669650114545
2022-11-09,7.903002921422001,2.653872482373391,14.348865883000705,15.482227996771464,34.726882947605574,48.50087492256481,0.0,65.85720712539933,1016.5429506943658
2022-11-10,5.189305170879598,-1.4484192016063169,13.419666111399346,13.723476607258625,15.67944020018,20.763318825068424,1.459043480680359,57.96012685280295,1010.861791977601
2022-11-11,4.7802335384074315,-1.0961571600600388,10.885068841302527,17.00050852806591,19.16858037818352,24.256018274876848,6.417023026483544,56.328842072833666,1006.2784971796406
2022-11-12,5.6290007676821645,-3.2206586475668786,13.600804465997216,26.011787793651763,37.416392048125346,40.513251081330736,0.0,37.43266414917962,1007.8351267818166
2022-11-13,8.756503980345489,3.891867441510832,14.671303034215807,14.855781507075797,19.99579607327439,25.866774599214107,0.0,65.40880533254203,1010.089898633981
2022-11-14,4.151205931890734,-1.4471219062447007,10.120677678119865,18.016142881067484,22.671372418469744,29.58746969038699,0.0,69.23362137959091,1005.6483957734806
2022-11-15,8.222640559896607,2.7528382052737523,16.8959808221487,26.61394130437504,30.739187028870894,44.06322105647392,0.0,46.850890858105664,1011.2138748760559
2022-11-16,3.0795531397598217,-3.6369927414199634,9.662269392814423,13.973155632556281,26.68989956516377,38.06260501109597,0.0,45.84880479112452,1008.0103500256555
2022-11-17,6.090054615799756,-0.4063466690709827,12.124257975185241,25.880012914615094,50.949694538199,56.659712746827765,0.5181066162958696,70.35903905477193,1010.4529338718713
2022-11-18,6.93139939647393,-0.28730293064743506,17.51000889728437,16.9170074681147,30.02691641462172,52.102821849295196,0.0,,1013.0839400058826
2022-11-19,13.840827026627723,5.090818173756684,19.09884653106803,25.883958629981535,30.84852757515586,35.345764737749185,0.0,76.34872249427659,1018.5010679225456
2022-11-20,2.279283527636359,-3.146821899832978,10.670172203811681,20.80987207551538,33.105152903659146,35.065757451574505,0.0,53.69137890561148,1008.9760613475877
2022-11-21,10.735909455761508,3.2720516094865255,19.0254925067611,18.679076092004717,20.78543867221765,30.498321900783175,0.0,50.3612595176002,1007.8659354439433
2022-11-22,6.680896693037418,2.5556956780115003,13.184549939455778,16.900302487245664,23.0255313141947,40.05069692675177,0.0,55.54129601456076,1004.1974586271073
2022-11-23,7.379283555963893,2.0673411922957703,15.095914026640799,14.193398940037621,15.7061695738692,23.57169372522717,0.0,50.36041918763176,1023.6107914942937
2022-11-24,6.418129914593087,0.0995312746101229,11.9445566130889,17.777917525325,22.925272852047375,25.368018068219392,3.7481804467108844,71.88791103821198,1012.9976588314181
2022-11-25,7.31752952354932,3.162555581143647,16.645150399092635,21.971298807862944,30.10063559439368,39.22276034196838,0.0,65.62972167490464,1007.022805054942
2022-11-26,5.445524800260619,-1.6428225025075758,11.775707690521559,17.504618851329415,45.51070268634753,55.52523782366873,0.0,68.05727551300998,1016.6391700433835
2022-11-27,10.194952600248348,2.803399558239807,16.355264759207685,16.072873840679108,31.44456468894975,42.25977092087874,0.0,57.214236888328756,1017.0641272160876
2022-11-28,4.392623325908059,-3.341035248282174,11.281894195573077,16.487988992994865,18.032074888697515,27.295478976186423,0.0,49.52374602029964,1005.5388012544197
2022-11-29,9.091008907287996,2.5081363830729355,19.50522842886685,22.790275009801537,24.486699124170567,43.095892922012226,0.0,54.891231910867205,1007.5596207559545
2022-11-30,3.6965260620663054,-3.3231972628268283,13.475325951767562,24.0397404947201,28.0017914995908,31.02629736814916,0.0,49.89163850115671,1010.1381070492596
2022-12-01,5.387267080662251,-0.5930591757301853,16.068620827464798,14.664247431158152,36.20406304622271,36.34542271059682,0.0,,1004.2189650630568
2022-12-02,2.293621380194441,-1.912643782338371,11.205395456392953,14.74312749354172,16.359654321324303,17.5120809981735,7.227854701041895,73.53235391652092,1008.4492271867261
2022-12-03,6.819175174182298,2.3194158953097332,15.796704240374824,20.068902656449293,24.219558243400737,26.62602980647088,0.0,53.90172319771348,1014.9268759956888
2022-12-04,9.737201836573966,2.462222215566646,17.617387833131268,25.895758659902537,30.028778416263968,45.03378054389884,1.8104775978447805,45.51173035680505,1002.7241401470267
2022-12-05,5.120615847272732,-3.8571606506561507,15.551733787474586,24.073963675574397,33.588140932385734,39.809755387426065,0.0,73.49007625844581,1011.4267816000117
2022-12-06,4.716042740968598,0.6370265451521178,12.781305636590572,12.170562932787675,24.673658815376893,47.94572362514267,5.0455169665600454,61.18117489643565,1014.618682571577
2022-12-07,1.9200330538401698,-4.867884430291744,9.050393478610317,17.195128637277865,27.939305059589692,30.74944891424144,0.0,53.43799047763919,1012.8102054374141
2022-12-08,,-3.2186723331701037,13.378621490748678,13.948022451049198,22.565319763935268,45.519532866620075,0.0,73.59583263662749,1011.2371202615093
2022-12-09,0.409425149055612,-7.724448991013781,8.686262109461392,17.34883125099003,19.374707568988335,23.075068083654838,0.0,48.880614239463185,1008.7532850667704
2022-12-10,2.4159363902413853,-4.310088115871815,8.160055282100757,26.793594083498178,34.493121348375816,41.399094649420604,3.719387063735517,54.520325541407544,1012.1205476263727
2022-12-11,5.804904645771662,-1.2946752551488636,13.16125712924624,11.7434624769923,28.59630260359682,61.49894211433978,13.492744223605747,52.230892619490824,994.4424957916012
2022-12-12,9.054784889296187,1.5711601629234195,15.934737355863067,10.846807082815271,31.383839430920258,52.285443697363306,0.0,39.20116994029791,1011.5063831408376
2022-12-13,13.501807241746953,5.2069759932798,23.582809891813742,14.88275173217508,24.222562911683966,31.907007874287025,0.0,58.788824385111376,1011.494194228514
2022-12-14,3.294086322679626,-1.3173613633344674,10.567141664518278,20.546160577900793,22.105342486438087,54.52245632111101,0.0,45.85186306385859,1017.3122537580829
2022-12-15,9.34265255064045,0.7117415692661329,19.271983946473803,22.29713793323353,31.746671866125283,49.323707882004825,0.0,48.15133921226653,1007.3242554147367
2022-12-16,5.75416867168563,1.6240816539277798,13.408506235091302,21.4640086498886,27.899863289550233,34.66842449025325,4.240428249754283,50.36315967195889,1006.2061273222248
2022-12-17,4.558580188325504,-3.6224185664633737,14.079583568999164,25.238217803825606,27.051292258753048,31.31987495452271,0.0,47.955157560352674,1004.7329818080299
2022-12-18,6.302774267617526,1.9190721348190394,12.114465838684666,10.626984193233396,13.573003995027797,29.053532781074665,0.0,44.93302643181023,1015.1504707737479
2022-12-19,5.186666205837761,0.2135251478131499,15.734567523788535,25.466288815076126,28.903117105064933,37.237025144008335,0.0,57.96657013143966,1008.545453219079
2022-12-20,5.331289039738564,1.311818307832901,13.214648384532074,18.04587170823036,29.477006724024925,33.54095204539378,18.055257578436137,69.38261471076396,997.240450315829
2022-12-21,3.7775469897411926,-2.4487365379390114,10.33633646349903,23.345086046994908,43.33116295997863,52.14386600320122,0.0,55.57609765849739,
2022-12-22,0.8139208969669305,-4.857875236620031,7.262858535155772,13.151253477065836,23.43027978727127,24.360537924820218,0.0,83.24545691754776,1014.1709855142238
2022-12-23,0.3863347597225486,-4.443629797712588,6.976798491172381,19.873406199498717,31.54954890841718,42.51899592438528,0.0,,1004.7527651651221
2022-12-24,6.989159945653971,0.7337091416344395,14.189504983161777,21.109670884163105,27.88159055879474,40.44440019540134,0.0,62.2593714668364,1005.7469315912824
2022-12-25,4.21479077212389,-1.7970636437370286,13.519907968177591,25.786195133521957,30.38439259352737,33.095990168114994,0.0,63.62499519203175,1014.9241482385578
2022-12-26,3.2753363251980288,-4.562968838295679,13.972954582602789,12.159694900022755,22.63105631531743,41.58892775831849,0.0,54.24572050762871,1010.774738673555
2022-12-27,5.111072576572205,-3.3545789537779562,14.125297157313998,20.317640705426676,29.01479868571805,45.260367638063386,0.0,58.28558957854046,1015.4250056270638
2022-12-28,7.495539312786,0.23270305395059054,15.778536938450603,14.814970252991335,18.5221450178519,28.757574547159965,15.6754340660313,69.35626894257727,1002.5871821377607
2022-12-29,5.680247962745344,1.0581960191127253,13.371834810848153,22.84523157555563,31.140250169145883,34.59074588418999,0.0,57.43070074853774,1010.323332977645
2022-12-30,3.202623205804082,-2.2743307677451714,13.171790008029781,24.27975188285957,31.377875431425622,44.49146760285029,0.0,47.96179852782235,1011.0748150449673
2022-12-31,8.884507693959147,0.3179162097977475,18.982450908635567,26.90472896334032,32.53678235809677,38.479163008270284,0.0,49.069464285042116,1017.0559139820197
2023-01-01,9.98122475238267,5.537552287343224,16.739450798979583,17.868207447718646,22.339741054330823,31.78218048596146,0.0,55.20306703939691,1018.1784029729017
2023-01-02,6.768564959071935,0.7342857621178025,17.489086450992517,25.253210465271707,34.58708120807992,48.61612350088275,0.0,31.337156273788075,1015.5781230097497
2023-01-03,8.250287393665692,-0.4622357025017134,15.620979572903984,27.494533795076762,32.199803381701415,34.19864299732727,0.0,72.95287347718389,1007.0259351430678
2023-01-04,9.10274067623803,0.34941646889060074,18.903209091387197,12.545941716560762,37.63670260994556,39.014636052117844,0.0,80.93029621598956,1004.4203467615921
2023-01-05,8.817870326618234,2.761854441373772,19.618789595111636,23.89523338194784,33.939840619225876,39.3995541080978,0.0,57.04420311909657,1013.7129812224206
2023-01-06,7.323714438826909,-0.013270001667078368,16.545663043960577,25.696557636169533,35.138787487850955,63.93873568490639,0.0,62.98563012701206,1016.6129803883265
2023-01-07,7.33341946197796,1.0496914702079652,13.302723820685124,19.680001502866627,25.930448400756212,59.25061716276242,0.0,67.97269204060596,1016.9245264004803
2023-01-08,7.15742145834094,-0.6098812388407691,15.674243189384525,14.988516462950088,20.251891111074702,31.03797332545804,0.0,39.10396312506077,1012.0274626200058
2023-01-09,2.3695703389980203,-1.7883363144669726,8.082233077571491,25.82501252275265,27.03507518714527,43.60154348911859,0.0,66.13933534341308,1014.5837814462989
2023-01-10,7.82995995352658,3.1091742089197876,17.56481219274014,15.179617366662102,19.093382779152613,27.03620943721689,0.0,49.882722466789296,1015.8629308485528
2023-01-11,1.7295995672491742,-5.341394450468822,8.417490610492472,20.351390632620394,21.87563754311809,30.694461527119806,0.0,82.48869075780213,1012.4633683254293
2023-01-12,3.4855174697418545,-1.6772438424734637,12.656806408101966,21.107552802194746,22.610683091498327,29.509998231779598,0.0,52.740885160015665,1012.5702656599602
2023-01-13,9.855287333385592,2.5250258370398484,20.315825378166785,24.949908352684723,27.519361870380976,67.3819269358327,36.423820360041034,69.90766556389379,993.4073320874129
2023-01-14,8.543508547253596,2.787393909947104,14.62956765127463,18.30210603855567,34.02426301929149,57.47683860312073,0.0,52.859044835678404,1005.9558778807118
2023-01-15,10.566255302882912,2.133027512243805,17.923402334489914,18.074373191118962,33.746942889667565,42.40552241052371,0.0,81.36031307596537,1006.50769637877
2023-01-16,5.3731820378830895,-2.723114889916844,14.255894766324488,22.052860505224427,26.04225237565607,34.831072518711366,15.27841678633764,62.60237250323702,999.9470019429347
2023-01-17,2.818510866792698,-3.645678133551213,10.336462423649705,26.65017257957831,28.63010932621255,35.82244266991535,1.6880312386648963,70.50029356272708,1001.8652840978231
2023-01-18,5.643879652202299,-2.220595783271989,11.69279330195059,33.11433511808566,38.196381162344466,62.052984777159175,0.0,62.52013458942336,1009.9848424623904
2023-01-19,6.764073989696158,1.408384558520706,11.93850367470894,14.197454439588904,25.550812051818692,40.681745016633364,0.0,59.85171953996993,1010.9645113280394
2023-01-20,6.790562607986198,0.31926372392688496,14.230151470197974,23.368239131325705,37.03697913189126,40.410173590393335,24.429630130089606,79.73475592961792,1001.03945874359
2023-01-21,10.053053429467298,5.065643170150906,18.94830758895882,16.414399003248228,24.62568377765262,52.84010244156989,34.39658940003826,,1000.4114391482285
2023-01-22,5.669386263010402,-2.6350445795945667,14.113291511925334,26.99553547138759,36.24835452637285,36.749509210527265,1.217430347731845,25.063011587749735,1015.5755034714109
2023-01-23,7.913226525384886,-0.20211155745718834,13.85067396394874,17.26200554723772,25.899945774373606,48.15611126697648,0.0,67.89270530153938,1018.2073354253927
2023-01-24,3.9978764653696257,-4.51287187667538,11.702037128573945,18.633564349961762,20.27069335920431,37.26406563857586,0.0,49.13393067586859,1008.1739908596743
2023-01-25,8.424022185050468,0.036637278929170236,15.640848462137985,19.111340999716823,21.28124529826527,29.960957913246695,9.611128507004805,77.68521738048868,999.842452561822
2023-01-26,7.1943536806354675,-1.6036276296620056,13.839568094395867,21.72638807291305,42.24083324977623,50.75543662849053,0.0,59.22037321498798,1013.3175929028607
2023-01-27,5.050157760821898,-0.09152339733773118,14.425785223984233,23.771841116122577,31.955759480697704,39.446069952656316,0.0,69.40308137224145,1017.1173032688998
2023-01-28,6.70925755169691,-1.9498639022796675,13.567169731860016,24.62159899621496,25.53010837802456,29.060742396913795,0.31903825985172696,64.90984467518024,1018.7909268494226
2023-01-29,6.983909664731019,0.1278437079710315,15.224761378729195,22.220247726723724,31.861421261076625,58.582157967454236,0.0,25.42365783424959,1012.6457678593003
2023-01-30,6.848170718724524,0.7356952991337637,17.387511930342225,15.644364679176109,18.94387715022043,27.260135001013737,0.0,62.37874739497597,1002.1748986894488
2023-01-31,13.097330762140944,6.295461282301579,21.332986655662438,25.97621252519893,40.375045983326395,43.84507554327693,0.0,50.87589417262619,1010.771790419669
2023-02-01,7.615074740472521,1.9020629572211325,16.317212201435886,22.114665207406077,35.51472380825699,61.148708439236735,0.0,68.98013424721812,1012.4499957683086
2023-02-02,7.30822724821295,1.8654622134081897,12.747703165218258,28.229011499790314,39.160795147260956,50.861447345372724,0.0,62.0944899416416,1015.3862558342038
2023-02-03,1.8794242820700537,-3.3271474078175904,7.948229144520472,18.92121283489806,27.038852364813913,39.262886298199305,0.0,62.23562845558729,
2023-02-04,5.62333634649345,1.2111963992078163,11.229043542282131,14.486780711506244,31.205666516320207,60.80106411845159,0.0,,1014.8673170394786
2023-02-05,7.653199287170605,1.1703748014346678,17.242076977305647,22.3649390505978,40.19668066182777,53.674361266799565,0.0,44.048725694706505,1006.0341034092465
2023-02-06,6.5235621643076716,-1.9152462142617654,16.539088649808726,29.050403382347994,32.42348916904608,37.30625520206884,0.0,49.805356492353695,1004.9908900518799
2023-02-07,12.867141979468329,5.716382133096405,18.985873738635796,23.40956712166343,34.260603018941126,47.7233994490345,3.323254150885969,36.392221597425994,1010.8690882307974
2023-02-08,8.37026150242655,1.7653833386476823,14.685892007965096,21.6393594220317,26.150935547728615,29.992255388187917,0.0,,1007.1152841157129
2023-02-09,12.875577438162804,6.732612846908221,19.8148211751195,18.317451055827462,21.284859989268366,27.008149981229682,7.002617023841804,43.73244612698444,1015.6816480239006
2023-02-10,9.342599669301562,3.0205915377156014,17.88906537102457,31.48811262311359,49.30983702266007,59.83532615961289,0.0,37.74711035490627,999.0807297598413
2023-02-11,9.418437937998341,4.3720512001385865,18.149215100798457,17.579968962711817,29.62665795314969,46.016650340061446,0.0,56.39774616671451,1013.3904343690009
2023-02-12,9.191617100294101,1.076937714328615,18.312140851542846,19.12831129333457,27.726147194966988,32.860050156895646,17.646544106382397,77.29047696979168,1003.6154807412762
2023-02-13,9.622585746872566,4.630670930464926,20.053742284153344,25.63134511337964,29.28593342677273,36.60191019285486,11.066435534610264,64.57827021904664,1004.0400588810231
2023-02-14,14.922665689947284,7.339551906310719,21.692906532926514,13.525545469927554,31.687495583991993,38.940871307687694,0.0,49.01451403193918,1005.6212942908775
2023-02-15,2.9643793749025296,-4.835545682578234,11.916933310143184,29.201653015180973,32.460284752112784,50.87697850742027,0.0,43.63110205313289,999.8220757749677
2023-02-16,4.077305879762668,-2.797039330376003,12.435642954428822,25.971285180344314,28.623812223497115,37.129817837266536,0.0,51.19368409162347,1008.0492847361121
2023-02-17,,0.29828395103646166,15.447939268286007,27.36665763491765,34.48027856373589,62.441789579951205,0.0,45.13332350526705,
2023-02-18,10.448203263439558,4.992951501186307,20.892694383001597,25.679826767276555,37.03172542669634,42.75123986005518,0.0,54.246031094544264,
2023-02-19,12.638782222532289,4.230696116317972,18.211682694287592,22.100914764076194,27.577147543375922,32.90922768515583,0.0,36.741618711053135,1006.949149677093
2023-02-20,12.153189352808752,4.506137054812232,21.42519551380106,17.606625532983347,75.75927468767847,97.74050287597598,0.0,63.41581093846874,1005.8999618646673
2023-02-21,9.74820928142693,1.754460142618127,19.115451559562544,22.236370005845128,30.261102750161147,42.94198390989063,2.862025972748514,50.77144991056535,1002.5686225838925
2023-02-22,14.126608320580772,6.803709772944201,24.618567486720544,18.073480916673592,22.57003827770674,70.06744943792424,17.488094758985238,59.51508280338806,996.2289423547124
2023-02-23,14.330054691403449,6.098339606453601,22.44153824551157,25.391887597471577,30.30143832638958,32.91571161653193,3.620646916434368,68.90524617236522,997.455959031901
2023-02-24,11.963043865079213,2.9975495514910317,18.892777894394687,27.004988687210272,49.01320126110062,57.36245468614652,11.98600584176682,69.72185584076215,1012.1314977796048
2023-02-25,14.471604836194821,8.370790563571628,24.438048855354943,30.363638136726934,36.99548020584747,47.51067005443401,2.232787318794933,66.59903006209242,1007.6289466757362
2023-02-26,12.57563832161671,4.5060599030688575,22.200500012611066,24.845463068305094,42.265001559857126,52.232418123377265,0.0,30.200328845751145,994.6877461440264
2023-02-27,10.248580947853945,2.525682150263777,18.250474634370768,27.61505388875375,29.062694032920596,36.473914731918356,0.0,49.085720035553365,1007.0518485172626
2023-02-28,14.203013173059926,7.938662344499836,23.810157426862794,21.510526370047707,36.102328804496835,45.91865397513691,0.0,68.236920001469,1005.2063395138962
2023-03-01,12.619087472200786,3.9843424735382253,19.226341084664348,20.60745681985848,24.413631062180038,34.62846470010267,0.0,61.110754459794656,1008.0588646813416
2023-03-02,12.47005326164745,6.497923613784477,21.007091244068256,25.36831315276496,37.61142256779452,42.81649173823646,0.0,77.18155918661755,1007.5350796358366
2023-03-03,17.064727245349545,10.237397663968357,27.255827974076798,21.067218929689144,24.846994656569855,42.74637632297733,0.0,75.4525657596042,1007.9598650348865
2023-03-04,5.474076852693041,0.9443650677382331,12.381983880392117,24.343660347575078,29.532223027933576,55.3720439771101,0.0,58.59510561340764,1006.4881061604689
2023-03-05,8.755407756646129,3.626531786314798,16.65670765123059,17.688437631248064,20.57901062362277,34.8743461717127,0.0,51.976256573382315,1006.1197336464624
2023-03-06,9.629902474598833,1.4264216219300287,20.33617159963617,18.581447391945456,30.982982120494032,42.41058138953788,8.485303224327154,51.135508345090564,1010.2188481894277
2023-03-07,12.284817631228133,6.302054017083897,22.074088683058555,26.1603410138623,39.887945339016724,47.824073398226126,8.3460891333267,56.80177743357106,1010.8494417086653
2023-03-08,12.795038847656091,6.8246184005798,23.11727296963941,27.408976932533967,31.318779192163113,41.769134260695566,0.0,50.101037098127605,1009.029314004994
2023-03-09,9.221873558126045,3.991968467172944,16.533355923468726,18.03800340150367,19.89115160987862,31.14363199276414,0.0,47.88100969141942,1011.9281440083569
2023-03-10,10.974032094791836,4.515980423304564,21.95306365259919,26.308641872499376,43.566576429596,47.109510006633556,0.0,43.97994702710744,1002.8333592345978
2023-03-11,11.533250378433035,3.5041655716799234,17.448644006535915,20.27970958598533,24.5829697746911,41.87351715275205,2.170665424137309,61.77251793198812,1010.5823253134098
2023-03-12,21.674875248920586,13.199054660051887,29.78749874821844,,29.388796245545514,35.44016809008101,0.0,75.35967613770681,1011.7414993739374
2023-03-13,19.895159349995527,15.544587189774607,27.770799643773024,29.999354838853144,33.34702177234174,83.64115921192098,22.416498116585824,66.1990812187631,991.2441355780102
2023-03-14,13.442463253053171,6.568359596852594,23.23305639785398,26.93550462834219,38.54278527834913,48.11451408162339,0.0,51.13095930075612,1011.1989570970949
2023-03-15,13.77513145715782,7.438764617696147,24.226838092247892,26.859412693272805,38.66414911858586,56.164322509537584,0.0,67.16834617120851,1010.7439215424673
2023-03-16,11.606775222323206,4.535365969965314,20.993611483771566,32.404542775430144,51.53572049212652,65.67988583385346,21.357618670695704,78.38166720569272,991.3201356453803
2023-03-17,9.518782065498682,3.2824036309573366,18.2796794822805,19.32029220987133,34.19490014424029,36.84380304069513,0.0,54.51154778875789,1015.8360025470087
2023-03-18,15.081543101318635,9.088318997051559,22.646118246409657,17.887977867858016,32.09237924422001,53.50349486201135,0.0,53.76252729223115,1009.1479118142191
2023-03-19,12.62780632241772,6.268402760270273,20.689761824872125,19.18297773379353,26.003872642842463,30.465846023665375,0.0,52.60071834414083,1019.4772771131585
2023-03-20,15.55610148729979,8.64610584351772,23.61190336664872,21.495899716119155,27.708111438822392,33.424682059307735,0.0,62.81279347284724,1012.9458862312728
2023-03-21,11.199382452869568,4.694466397710684,16.321593294975834,10.969054828601388,22.466898172100656,28.61620398598901,0.0,56.67604098731706,1021.484630926044
2023-03-22,13.90342354278341,7.5427012876801784,21.92169837174948,21.67666453346805,28.217470538956878,29.961261506824975,0.0,,1016.6437252656887
2023-03-23,16.824519013758696,8.735342463968292,26.960343814803444,19.961553072002598,35.17269568854438,45.08325090390778,0.0,45.67777469079578,1010.8600437874226
2023-03-24,17.666445132807603,9.938205176618315,26.92208919966109,26.57241849217889,29.741149680816445,48.00694998520169,5.415430301952563,63.54473504713732,1004.2155780638032
2023-03-25,18.009242571051562,12.302350100145599,27.78349430380159,24.383550506015666,25.800653618673124,48.206013414548806,0.0,60.143814588199305,1007.6220645833516
2023-03-26,12.9841458336408,4.981260246064197,20.327055772251924,19.584434991450284,30.179486098092173,37.58913976678304,8.867341946475666,59.22301602002669,1008.704577536961
2023-03-27,19.69817586232847,11.429922517305968,27.872015283806217,25.5028273772856,30.24946839913111,38.69874006837705,0.0,41.41593252704507,
2023-03-28,14.92165340408733,10.154192377216377,20.122554818069933,26.133094310742273,28.89601314886741,43.7405541034013,0.0,70.01158140502159,1007.7204668477145
2023-03-29,19.408640237067832,12.495227928414039,26.706627890083894,18.636467504717494,45.56296977924833,53.13833607302398,0.0,67.46325531432521,1012.3308542711629
2023-03-30,17.665480997452516,12.238921029456447,25.51197726680838,19.97516533623537,27.270794142291678,46.680228382370316,0.0,31.151481988318025,1011.1032375304364
2023-03-31,13.755062088762411,6.0592004791287986,20.2863154863569,11.273245084377765,13.495802806027307,21.624196110224453,0.0,71.07499507976236,1017.1706786555995
2023-04-01,17.121900694532123,11.927974047738706,22.309346568476023,16.905231721700183,21.21154612897863,25.1445423952797,0.0,52.492290432003834,1006.9409177471454
2023-04-02,19.352240724746114,11.995223103880955,28.494689377419824,18.603362838131662,24.42491962041498,34.53024936061006,11.461039365016276,67.59478038884036,1010.6031007144704
2023-04-03,20.28003278446962,15.00440950418145,27.890559289562677,22.642441731779243,33.08710555912896,35.21851335727208,0.0,68.65867672063152,1012.5419120128671
2023-04-04,,11.64671791658248,25.6965058924056,17.49933188996624,21.82368390250592,31.828130048915384,3.7364882566908593,78.19330487057042,1015.8460516085883
2023-04-05,23.404222918081217,14.660990578500257,29.90414344225227,19.61236746184764,26.06084222541974,37.52052111079588,0.0,67.03438342054636,1015.9780261697687
2023-04-06,22.014072045834837,16.107534353552666,30.24105443982294,16.00511758570655,24.81429758697883,29.295894535845285,0.0,57.89236598740671,1010.8530883584135
2023-04-07,18.403344412487442,10.024651982671404,26.03150510011183,22.938259749885933,32.931401692456504,44.06202583409684,0.0,38.49231176436402,1009.2334170429149
2023-04-08,21.604498907630013,12.66977600161054,29.448405745804557,24.16097270452926,30.96447323659057,37.82780324214902,0.0,30.68521811218314,1019.2704839774661
2023-04-09,25.33534673418057,16.96109249015475,33.82057482479886,23.99274106101219,45.777452362769544,50.09599443210959,0.0,65.53790726829405,1006.6805397986748
2023-04-10,25.594205697884327,20.764875549267614,30.63215358132274,21.99005493491987,33.68131199102111,35.51079658215028,13.75821936507402,83.48676157750035,1006.810862012999
2023-04-11,16.206437701472595,8.10814660379678,26.65261312270313,14.169055224328233,25.42399022555933,27.81528312290855,13.222159036310483,57.12420480262286,1002.6683869870621
2023-04-12,17.287370638325953,13.126623662823146,22.713895019996443,18.71967474448846,29.695515146829038,54.058099537268205,0.0,51.762640423135245,1001.2362573272874
2023-04-13,24.69705382888123,18.73054441038469,32.4026023127772,19.72680077606762,35.015414755085246,41.65441320487001,0.0,48.31280933937454,1003.6109922977074
2023-04-14,17.241524728752793,8.887857862163475,23.485761980189082,19.689633489639853,28.086294031904956,39.341464304328895,0.0,47.99319911813196,1012.8166603195242
2023-04-15,16.621506228860447,9.177745165060848,24.764200445079698,22.02269386038162,25.14637295455615,32.507499636637746,0.0,,1014.733702554842
2023-04-16,19.301949125957602,12.638246989268211,25.98332977874043,28.716091430234904,38.38042497469502,63.152150772959835,0.0,57.62047759304371,1011.2890032998965
2023-04-17,22.191202887568274,16.25188276215517,32.3512418759439,,36.11582240076333,40.45304834446166,0.0,52.24986026325197,1015.312374146853
2023-04-18,20.791862860098068,12.730378127746636,28.170021863872588,16.528817235191415,33.399734135008124,42.41642133360232,0.0,86.89024024612448,1011.9463406559195
2023-04-19,19.314381380056897,11.766589360315793,28.14691471466752,,27.651452409884428,33.3352627840586,0.0,37.786949211909274,1006.9761086068469
2023-04-20,19.40889366658622,13.066867068507854,25.902172035473495,24.54183115939635,28.037148611439488,45.4045858758294,0.0,61.57493297794942,1013.7659386156529
2023-04-21,19.458369189135023,10.995947503086725,24.57480609209913,17.245444421287605,24.715009068390422,35.88207679372408,0.0,42.412260577933665,1012.1407884443913
2023-04-22,19.119042795044226,13.969302705951065,26.543970008723882,25.454603179360014,36.644932085909204,45.40941717428653,13.926938003830557,65.6450017395166,999.6620011604506
2023-04-23,28.76295551874948,23.910997972956356,36.98187445609922,20.341930893252854,22.746895461604048,25.476685819101796,0.0,56.78366061355208,1013.9505621880936
2023-04-24,22.969321658400478,15.75530283673257,30.72660456597098,14.026655549744415,16.951749713189454,49.25820399052425,0.0,65.1351486356211,1012.8540883731089
2023-04-25,24.893996482416508,16.034024768907656,35.66608266532967,23.28413393931032,36.32078082307633,43.85239374237735,0.0,51.86581725806773,1006.5268801221018
2023-04-26,20.92157060363504,15.685287737101188,30.16260564671121,22.023735379534987,24.52055463583966,28.232418946870858,0.0,50.596622826437894,1010.4325879368091
2023-04-27,21.98412352501025,16.73577163034112,32.95814232876262,19.730473193592484,23.267149461682962,25.105809393799905,0.0,51.6509788262379,1018.5777632584583
2023-04-28,20.55258362715532,15.855089387344371,27.322944169039154,20.610680887134386,34.20384655571323,36.51360148801424,0.0,42.04056776438589,1016.7738620969913
2023-04-29,14.887389228091937,6.584571451723775,24.621708905734817,17.130774798260944,28.209778772265743,36.909644805306925,0.0,62.58771762510024,1011.7092538805128
2023-04-30,18.855727479248355,13.723739777191685,27.189078284528037,23.704302759795215,28.0652008139977,45.62219712188491,0.0,58.3760124493829,1011.0765556673367
2023-05-01,17.70306913144361,11.18717649781917,26.373631258134605,20.363058782534633,30.583896965816024,41.210111507814915,0.0,60.2220240557806,1003.2471855188085
2023-05-02,16.52862946681024,7.574267076799217,27.443748669464206,21.33845328697002,30.24419228342569,32.20189116813495,0.0,54.16548396960303,1019.0601967243175
2023-05-03,19.83280288426809,15.772098379657873,28.756726082774794,22.217073157687814,28.824984862160324,37.510846664091716,15.932134191923367,67.02438525404992,1007.8918946115541
2023-05-04,27.53244747760523,20.75001702505126,37.925348831626735,14.582869466237696,19.95385187273532,41.23955947712617,0.0,69.10720405877021,1015.7666800726113
2023-05-05,23.560733094455053,16.999287880930325,32.91523450277053,15.808118358132035,25.752452773238424,32.205350942600155,0.0,67.26143764188419,999.763478498561
2023-05-06,27.699914132063043,19.66267725001227,33.46423086241154,9.152871623671427,11.85305438639605,22.503062572784117,0.0,71.97760703421265,1013.4266550953196
2023-05-07,25.193032151957663,19.41662445419378,34.38957441389154,22.948712992299807,32.814308803476706,39.50097582132477,0.0,59.47113221795045,1009.4422101378831
2023-05-08,26.43726372974932,20.38555693525411,34.34315726186221,13.985729675344274,22.316710890323797,34.74202194631101,0.0,71.23196913586503,1015.0665705579544
2023-05-09,21.514001978748382,16.674312075754063,32.02678993664244,20.630799932760596,29.39182540070103,33.668574218097454,0.0,50.00700832335503,1008.3360721221659
2023-05-10,25.9132167558422,18.209140597663264,35.75422343898493,21.743480950717586,25.15001829951502,25.237261097067243,0.0,52.58977856630403,1010.0689461728051
2023-05-11,26.649705797946353,18.72616125200561,32.27451392358971,22.820332848111438,39.96804818849439,42.85999369770666,7.732418686878687,76.30038586237436,1008.2356481230601
2023-05-12,22.85331248507745,18.169995881183297,28.6568063469988,13.70797699417337,18.081063346326268,23.879927110243585,0.0,65.12105845912286,1008.4199486626077
2023-05-13,26.37902333617305,20.411737966231442,31.796689346964683,19.321234320419197,24.26210901270261,32.28550930779873,0.0,51.514595117021244,1008.4904702310481
2023-05-14,26.513535245645944,18.04901026883253,34.473004494113646,27.916937308617882,34.33199151014047,40.327087442245556,0.0,42.44490116776347,1010.8168344722837
2023-05-15,23.278271785690723,19.264735417311787,28.762902340934843,28.055137496289035,39.11660268678119,45.01175716657501,5.434181880711724,57.44319320873088,1013.1078471733748
2023-05-16,21.667936789513572,16.17414143640041,31.010006808961737,24.337768846130835,32.913884877549386,50.57425446315493,0.0,46.78157870467558,1014.1052659544844
2023-05-17,21.59049189432907,14.81528046906633,29.904643383031665,21.00579315773423,22.792582572393904,26.158214157460094,0.0,75.69404178986409,1016.9581329588034
2023-05-18,25.506319087743645,19.835849789443877,35.521629193062495,14.20957895817779,21.42893592133599,30.159838782194555,0.0,64.12048772223702,1012.102243642876
2023-05-19,26.329017613170752,20.968791667282403,33.00779234519865,22.744636478108326,30.407718508613375,32.5038866025418,0.0,45.80892907135881,1017.9142323426229
2023-05-20,23.06882604966009,16.76863862514403,31.183670754626934,18.27749843346478,35.69680219911929,49.99896967817216,0.0,42.460108472019854,1000.9395675476255
2023-05-21,25.62177592600386,20.71416038545539,31.326654041467126,21.786005825332104,27.534543798144156,37.9574106441093,0.0,45.660240714585335,1020.9810145222851
2023-05-22,27.34641986500213,20.698293660204712,37.65407988090381,15.734615654367229,26.150009262342564,58.041267115889525,0.0,48.29409713840399,1021.8362934865488
2023-05-23,27.579314753372902,20.045835146806773,33.62934452711193,17.949369500492942,52.83791657097043,56.079773071405235,0.0,52.999595274433666,1009.357394262039
2023-05-24,30.4674351714225,23.59096040827999,36.08160867952493,19.5497327849815,35.059228610474335,60.63897783231312,0.0,68.37455789057064,1013.9024288956065
2023-05-25,29.726882062768805,25.26133540847615,35.957185653907906,19.8751313447322,23.12384770310262,26.80034141694199,0.0,43.401797303763956,1011.3414235245083
2023-05-26,22.973277642559363,14.751234571731498,32.810666574897255,21.026908607909718,33.0994479044642,39.51149996526722,0.0,82.4744469381586,1008.9872409989637
2023-05-27,31.10616649865274,26.2312773112153,36.74105366476084,15.576708826461498,25.47108642590606,27.950829993238077,14.337529353483866,56.584173576191624,1000.9562204825505
2023-05-28,24.537754651215835,16.713694648160192,33.22431962024483,11.6705101356163,17.2749713514852,48.8904718731291,0.0,38.09142722686481,1012.1636942159552
2023-05-29,29.33757695673445,23.534751402855196,38.8146647604252,26.424991586327938,38.59199738237861,50.21616810130575,0.0,75.25965790388165,1011.9908677706718
2023-05-30,26.476169395205442,18.562362654924932,35.98265635810267,30.66138201013944,33.86845062764013,45.58450103883103,0.0,70.85506719804347,1012.0191516416711
2023-05-31,25.101968501989948,20.07060398496322,31.242333821638734,20.36619575714756,24.81135102142104,28.809844876621312,0.0,52.81181442692458,1021.211312705243
2023-06-01,20.97846968237377,16.04515916389662,26.348213672639442,11.423074510792892,17.889008031249794,18.478862113449388,0.0,59.57598778149432,1012.8180215243253
2023-06-02,25.946928148597646,19.461798917510237,33.639766451230955,14.090989431342175,19.497986252363162,25.69474736763112,0.0,59.87882942922417,1004.6311592554204
2023-06-03,21.840433386594135,17.675753313102334,28.05534545806141,20.41649564411918,31.713027668908545,76.39724969435468,30.892666175801253,56.6405491449227,1005.6229350893802
2023-06-04,29.474325330123623,24.347838636211957,38.66995018420725,24.490466893383775,31.566002407030716,32.803510461412046,0.0,39.44224553835433,1004.1603282476465
2023-06-05,31.173517285621145,23.553456024699404,38.31367408355367,11.634480440461754,16.63043251478095,23.172720068780635,3.1611870418227106,28.061462145645415,1008.1278869743443
2023-06-06,24.279970172476506,16.093052780949378,31.9760938186753,16.991403499588177,32.33314922273661,41.076686456411,0.0,44.863285812118995,1011.508743323344
2023-06-07,27.62101723445444,23.217090414765387,33.30192683306471,18.50697657313385,29.516546224888838,67.47203623456429,38.46815879526822,81.79529859778171,999.9876398996632
2023-06-08,24.5801571905383,16.16976864334778,32.98545890982745,21.7645972208209,23.903162566254807,24.62810058661429,0.0,77.26496203271988,1004.187334020409
2023-06-09,24.908916982577335,16.92133096231144,31.02206212036878,15.638253640735199,17.737799243339023,20.376925925308747,0.0,51.857956426092294,1008.6069689316311
2023-06-10,29.152696095869132,20.804274617334304,38.226610061358755,9.451930558791005,14.475618070722655,18.60468674362664,0.0,43.50442932971595,1005.4247449830289
2023-06-11,26.745229080803615,19.253086307909413,32.172242016090976,20.29195273257193,22.683777395869363,40.887557512639425,0.0,58.33745463675256,1014.7059987072324
2023-06-12,32.108201571753916,24.737436235284093,42.96356912544186,22.725146897228377,36.489648412966105,54.452671986969456,0.0,60.26777434560431,1015.4434521615696
2023-06-13,25.467746867488493,18.842280700764174,34.57490873900336,16.603678242306316,21.219417085112774,32.38031325632471,0.0,62.20863423152869,1005.7078972160006
2023-06-14,29.93440597325694,22.670469850800366,36.0247833801285,18.958595879333178,29.365070990424925,35.81223402599731,0.0,24.67565580594883,1015.5735391166755
2023-06-15,27.247349196492316,18.65180087365929,32.331917069263454,14.476015501711586,26.43566862186496,45.42614364343844,0.0,92.89307420590194,1015.6885434283436
2023-06-16,29.35790873342241,24.855298726338866,36.36468608665372,12.53602512396585,13.760355291718849,23.92293219616402,0.0,68.58969601652359,1009.6405927566847
2023-06-17,25.641316660721365,20.06249427149091,31.55819624503461,21.81380093909606,26.598032069448223,44.86037010931591,4.073651643520343,56.291922034292305,999.0605741884834
2023-06-18,26.84307361098177,22.48079874300241,33.15354160969905,18.53632586307622,24.784642981177306,36.32926128126141,0.0,46.37826843806976,1005.9260234568497
2023-06-19,26.650956883881996,17.926931024161803,36.887458434509334,18.968278900641963,27.81285326611124,29.274797268313822,0.0,66.84766832895525,1007.8517840755394
2023-06-20,24.491726792560733,18.265399462563792,33.11095475286583,23.945040535293934,37.20188304757242,37.77808854060051,0.0,60.9447353804145,1017.1280717769101
2023-06-21,28.985327848947374,21.608605495566433,35.04407376712077,11.078745917284483,38.76882443763134,44.68478427446317,0.0,56.105769856414135,1008.5931634592743
2023-06-22,28.945756104296024,20.740155781774416,37.285712508420715,13.511807095849223,33.92745467882208,49.49375324038987,0.0,60.50001560368974,1004.8767419182251
2023-06-23,28.76834095615207,19.813339715769626,35.303024876702025,16.98109809052464,23.995170260378824,29.19445620955659,0.0,53.64736474930463,1012.1399672357028
2023-06-24,31.587985731272248,26.779073442310917,42.44519091742078,13.289893985173968,20.24318896251679,41.80097116732591,0.0,59.82234718860762,1005.4867833012945
2023-06-25,31.311282323004782,23.313719294413637,36.507825704586956,19.94773129307992,39.010584478159814,53.589900630377805,0.0,63.716354211442045,1011.7201125793077
2023-06-26,25.821324352560264,17.384209861876585,35.215234885567156,15.016224101401974,22.312927460412062,42.579782533725975,0.0,59.11980248898433,1006.7647405845793
2023-06-27,28.044982297244093,23.800605412989714,37.68296445439266,10.912334262666281,15.61172304998935,21.667694402553817,0.0,58.49106277986303,1008.4956228415488
2023-06-28,25.031452636153364,17.260999835225498,30.434429219899567,16.126264454185833,30.04027124889211,33.51802264693699,0.0,71.71432159853417,1012.3714195548257
2023-06-29,26.945519440899414,21.17189283491666,32.97673562628752,16.572160386491646,25.718624104247795,28.71998843012059,0.0,35.834714566978526,1019.8933747983739
2023-06-30,25.04618130224554,17.80319734489338,32.352021256869286,20.317612776112334,22.38637072567672,34.74490415934847,0.0,45.425412657298835,1022.630982192328
2023-07-01,31.67240299918796,25.102162018993635,41.88133195836237,17.534340980193672,23.321310305536073,24.941539840768364,0.0,55.31872823177227,1006.3024759252719
2023-07-02,27.866845059129275,22.56813379869609,36.08884468964027,17.7995228895703,20.260247441729668,22.006685032509942,0.0,46.24158900484911,1008.9779312501639
2023-07-03,26.08202867264278,21.40592186262285,35.013869772686526,17.02114646495686,17.564419342124825,22.498409716744035,0.0,50.247609541072705,1014.942998523868
2023-07-04,30.274155878488806,25.689419713042764,39.972232891229865,14.405237152730681,36.6409059370154,46.51676204561892,0.0,70.45290139468054,1015.3478108509912
2023-07-05,20.135469383878473,15.618855095336015,30.104206113903594,11.692702231740423,19.677672006786736,23.87028293285718,0.0,53.2123483125073,1001.2279307510433
2023-07-06,20.555868249609766,13.366918048936878,28.413575508111855,16.646245446246,22.597756499613006,40.588663910422525,0.0,33.04946766743231,1012.0470206195896
2023-07-07,28.93341195251958,23.17635769552189,36.98617078516047,13.465514831060174,18.459061116786643,38.92581167671923,0.0,49.91989924798865,1009.7954259496624
2023-07-08,26.671896307287007,21.588729116257646,35.979931449813684,23.510186840742712,30.90735790677466,31.174861703384774,0.0,55.69735808960647,1000.7437903188322
2023-07-09,27.18331628091617,19.723890817386653,33.763370433329925,21.70279115774148,26.6471671170531,38.35581791255976,0.0,55.476274389475925,1004.3170860324802
2023-07-10,22.391184267338982,14.956936438506649,32.51812268553213,18.0877726619414,21.387032621994532,26.608528734845606,0.0,61.67244929615697,1008.9530728084961
2023-07-11,26.235993676698648,19.54015221491366,31.360714623553697,16.748520623485756,21.92313312159432,37.99172550003977,0.0,60.69266289706569,1012.0056051316731
2023-07-12,32.2484914726218,23.573702388292546,38.42312108588015,14.349931178911298,32.22124487218542,44.226466980566514,0.0,53.334086817688174,1015.2073275704929
2023-07-13,28.639796803511615,22.71272564630451,38.440996461730634,8.4185995572189,22.124469358055947,31.648316770920776,0.0,40.6835229010548,1013.4530701717019
2023-07-14,26.602539522081766,18.4232246657353,33.6440887934378,13.578819562322506,18.758637858231847,26.281713456383983,0.0,49.706328980349255,1016.9239015071034
2023-07-15,24.69948920072157,20.323792161060588,30.598486196875406,15.103133119641203,38.78462761864003,40.54101210401522,0.0,47.52668132053842,1009.3159275364403
2023-07-16,24.75319526996335,17.054039799770827,30.87372380423177,15.680876237788425,22.633997339465196,57.62255918797311,0.0,51.57875436776493,1008.0801706643952
2023-07-17,19.466638530483948,10.524401461324299,27.651176942100363,16.81976378454324,20.765480994703466,23.373154446876548,0.0,63.294022423094646,1010.9664280814416
2023-07-18,26.54155181168791,18.308560730248825,36.618640987757836,19.01826642100862,28.448593083061553,54.216249533156144,0.0,59.84923299476503,1014.2102977748868
2023-07-19,28.216583569154455,21.31825997260416,33.64048786378112,10.891441871103227,30.600200221092976,44.337165942478315,0.0,64.88806856490022,1015.5727808134699
2023-07-20,20.861911524290694,13.728081202654892,26.04479697903859,10.878511909711964,28.20597716132925,33.65872203021166,0.0,50.391001556766476,1010.0297300035813
2023-07-21,23.51031273162858,17.743864984443846,31.30132154664964,21.490949261055754,25.597751692071313,30.363167117734776,0.0,73.1003292194168,1006.5147609342741
2023-07-22,21.925149970547828,14.527723879257309,32.66227446086964,18.035464882013027,20.79008540544044,22.460678104263298,0.0,63.074062151160646,1013.5597779866201
2023-07-23,22.401686046457407,14.54970913055077,29.075744866942166,12.17172508249819,17.721857798771566,26.31154010569884,0.0,56.34681618210349,1014.7316261493953
2023-07-24,25.35562515407071,16.364482748481443,36.110648388473,13.535694879845245,24.07254220643621,25.66326954584852,0.0,62.24015901253563,1017.5527140993001
2023-07-25,18.836689720997583,12.374375135995418,29.16277678053759,13.505515947712432,26.024173554060603,44.7364140210729,0.0,46.89087502442762,1007.702559602093
2023-07-26,26.824729880976268,22.518209552109056,33.523540339301334,14.125470879802192,29.88684384215282,40.14950287654083,0.0,29.694949408474944,1007.1779871523487
2023-07-27,27.132844619331443,20.15355486567652,37.03453300486832,16.280725203963485,24.579123907828247,32.72631380565764,0.0,47.71964357116266,1015.0939324015236
2023-07-28,24.004703737498037,19.409582987587193,33.119907552910945,26.54319273687961,35.034793008824124,44.02963390015172,0.0,63.96948348690602,1007.7076131936308
2023-07-29,17.200022875912236,11.976197658131685,25.27095720934078,14.769155408720081,22.852948158393318,33.43189117004918,0.0,55.96259247626756,
2023-07-30,21.534468577030278,15.89056902050159,29.071965435287527,17.086745465360938,31.534714568877845,37.84937585830737,0.0,53.35798632786552,1016.5404921653695
2023-07-31,28.10148054300406,20.44633117726201,37.994497078556805,5.2960056203001535,17.96188741529628,25.00355079838728,0.0,44.82591915066726,1005.4506888562997
2023-08-01,15.945352260666377,11.026311641273875,25.703828856836502,11.259789395856266,15.24753422472688,42.89562433653224,0.0,31.530090089001572,1022.9938855651685
2023-08-02,23.110871882753997,18.282107148542234,32.65248989840936,19.78554342003642,31.436926531231947,48.87074590231913,0.0,72.09814744977749,1007.2212839547761
2023-08-03,20.485130759549588,16.26030954705545,31.474666466841363,15.611515936915401,29.454046724680822,42.76880652031362,0.0,52.50526309826071,1014.9155350053014
2023-08-04,26.308156955190093,17.941957273420687,34.179231720838395,2.0,16.57236075552149,22.026353296677236,0.0,49.84554421723371,1011.9701475770449
2023-08-05,21.736077854748576,14.268550732968272,31.57761572166807,16.89091955790644,26.04454356499574,48.84972894005995,32.64736601762847,46.94024479489753,1001.942213222157
2023-08-06,24.83795555796359,20.638223229875457,35.012825759864455,23.074042961520426,31.884327585024018,44.09679944395871,0.0,70.05426973151955,1008.9034183634375
2023-08-07,25.184888761754458,21.043427233563886,31.45450425047656,3.467438918929954,10.641717721636777,19.616647208692292,3.666190876620616,68.87578153751116,1015.8535301636091
2023-08-08,28.85738002553893,22.064008543163652,34.10977867785729,21.009020247930593,28.731923084469376,35.64485214162717,0.0,43.39312642946855,1008.9535921672317
2023-08-09,22.597894098273827,17.185222091840274,30.026384511405304,2.0,23.400415277924118,31.240453546587595,0.0,68.97451558052242,1008.6252053490858
2023-08-10,24.190734954470038,17.207103202310392,34.3311550610907,18.03637507007717,25.94544770242384,28.714671050591065,0.0,53.25915497294479,1020.1748919739864
2023-08-11,18.46122452317187,12.288203644767044,25.195844210338933,13.272350138461642,17.522604160478288,21.163461818413158,9.907521492786671,56.590263087661285,1007.5647621146035
2023-08-12,26.339371289477835,17.722808477926563,35.53943221388238,2.0,11.288385614103214,28.74679038746404,0.0,51.47665135842939,1009.9282643527868
2023-08-13,20.33633815126005,14.897293076453211,25.380426985645627,15.488881236138074,27.84411588517533,28.51311020919857,0.0,45.60043299382124,1003.3719496676642
2023-08-14,20.78337528295397,13.387648440759502,27.915561876875394,18.98579376260807,33.16548771535491,48.90753850986975,0.0,39.14947476701452,1019.3530669978767
2023-08-15,22.244751562399937,17.97448000430694,30.937851730948843,15.025845934171384,18.293177768190304,40.51507585882207,0.0,64.31357158610307,1009.4963964524952
2023-08-16,17.466828850492394,8.687526179547767,23.245371990926415,16.10678544247732,34.76498295499168,46.78846706531053,0.0,52.35154169162239,1020.094443749257
2023-08-17,22.683954910733977,13.780167571192216,33.06359638361858,11.101930523184372,23.15064601763929,34.7408481969305,0.0,62.406514403743245,1013.5216748544185
2023-08-18,24.7404293485563,17.04505620347424,30.678073211258777,3.832460240749585,21.819504923404146,25.42955818040315,0.0,,1012.4415002630017
2023-08-19,22.555487771666257,16.22942541384839,33.01424904169023,16.57926735852348,18.88662910543621,23.030496521404267,0.0,61.582493336238876,1013.0162246958246
2023-08-20,16.74696725536736,11.647000058731052,23.04530310746521,21.85070113900403,36.786616441590255,42.639621283538276,0.0,30.448158335114957,1020.561762230145
2023-08-21,20.977571895206612,12.914990193966789,31.943243938701656,18.733271511237383,21.86814057594961,24.074337602844956,0.0,44.5988770077158,1000.7586860665033
2023-08-22,23.40884129335097,15.72707080761586,32.03733357312451,3.1308801021741175,9.177746384946786,13.04173962329768,0.0,61.832377064822175,1014.6950456397955
2023-08-23,15.381007330695324,10.27123713289058,20.887076697325192,5.4821400127836295,17.79297621507125,26.742489770413048,0.0,39.702031670368385,1011.005035530089
2023-08-24,17.621408586402303,11.365332115615974,23.013071993274263,8.814590971046027,11.691853367521047,17.242968035053792,0.0,59.47678100574678,1012.1807550694565
2023-08-25,23.304634551909654,16.99063986282573,28.754164729466467,5.068838497262212,9.983401002052728,19.552770570355044,0.0,38.3115450397771,1014.2490491104016
2023-08-26,21.313201849563693,13.181149099700148,29.852558333309403,13.245423042276709,15.513941279367087,32.92669460221654,0.0,55.19732780193633,1011.3416380606143
2023-08-27,21.565407789601394,14.146184367931012,31.422883003565705,14.983784517131763,27.07886095909724,36.591214788658704,0.0,74.31988472723268,1011.878824192077
2023-08-28,25.733272040113548,18.517434322413273,33.151048490736585,5.8591477794612015,9.792954804933933,21.479790760290083,0.0,64.2952013839795,1013.4131694684846
2023-08-29,21.384509373546052,14.13537226072966,29.053523929237222,16.891243718452472,24.444391336572405,26.003092430459525,0.0,32.791108630711186,1004.7655504085909
2023-08-30,,16.423049073765213,30.311125692665374,16.007788316663284,25.914855278795326,43.10998683954642,0.0,65.18045685179422,1013.0196018972351
2023-08-31,27.755729886124815,21.897173586977146,35.95397351484295,10.259621082507795,19.47504069392818,20.984620504220363,0.0,76.866858720755,1015.6590161544086
2023-09-01,18.802763776022623,14.574452348839092,27.931134174630245,12.137436371399128,20.78227564694465,26.001801727134787,0.0,88.56419212194086,1009.1723305654178
2023-09-02,16.870192721152915,8.935487042092296,24.700907042131075,3.2521516118353873,11.885279953227768,14.797792428432976,0.0,60.70090884962427,1022.5566883981362
2023-09-03,20.365926621932775,14.200935546083706,29.64909073231718,11.342439162366214,13.751933407621937,14.747488371490403,0.0,,1019.6150687171771
2023-09-04,20.217293508174762,14.026101722736895,31.201157963454566,13.044747764873808,19.341528535154612,28.474576198619,0.0,60.216135736293154,1016.3185322155826
2023-09-05,17.137097809451667,11.910316484783534,24.238884862944257,13.85711311060017,22.436482313619912,34.8805910074399,0.0,,1015.793631373097
2023-09-06,15.436171313872194,10.389034906575048,20.5094640913643,14.914789579364973,22.85445068996532,45.471025515637464,0.0,52.75494184299636,1011.7223171595547
2023-09-07,25.27826333610799,18.339153688262844,31.03201360941792,14.2501191816831,21.09207345320652,31.258162777887243,0.0,67.51730707459069,1017.5430495056911
2023-09-08,19.14393219889341,13.98116712287503,27.465017308815135,11.717170466581985,16.0913060008245,19.93287862914022,0.0,44.924764013467744,1020.4400771601868
2023-09-09,15.78057629877496,11.45953204094764,22.846123021642875,14.481312237334818,23.558816999670057,28.995675539461807,6.004924683008821,64.87267125223015,1012.5038351726048
2023-09-10,20.53866804916248,12.70113096925799,31.178563611392438,18.07341275458131,28.33476129953595,29.540748060702416,0.0,25.125045817958473,1007.8983690960077
2023-09-11,17.276355711434622,11.394008539402792,26.04103225207892,12.600140549691316,18.02939384445002,23.97560375647735,4.713896975791235,47.838482696171496,1009.7402352440039
2023-09-12,16.6575856130249,10.756407693528377,24.779716728817707,14.681442102800336,28.92541966258544,36.978070243904256,0.0,54.92655223261773,1013.5295372154926
2023-09-13,18.915067694082126,12.75847628650317,28.703304701714238,12.179902979151123,31.087462659188713,43.14563551466895,0.0,50.63971923308277,1014.5256051213524
2023-09-14,13.164257443294122,5.089033326253652,19.71579666958869,9.89570314174004,17.556121272143226,32.07797566474603,0.0,39.39259006869104,1011.9791957364608
2023-09-15,17.909132883319607,12.304948403620521,27.827564125013765,15.764078725330485,19.82343838824206,31.589177862137127,0.0,49.004125622980524,1009.1924415062283
2023-09-16,22.401210474218978,14.611029417929798,27.419577103403533,10.395170590874699,13.24160606212963,16.70551138674969,6.436022112818832,64.74828048315291,1017.7167829711603
2023-09-17,17.871777549641767,9.17405334574405,26.58984172245607,15.125085585599448,21.106982592431073,23.67803955144653,0.0,53.96526895467738,1006.4723540385406
2023-09-18,15.15536653114807,7.851025551524073,25.763909437422747,13.360102724590698,20.624647358317986,34.40047967970619,9.312887261918734,64.11284937417729,1002.5432004871283
2023-09-19,14.573361124490852,8.414955718605729,24.300520836694073,11.725044035923515,14.441203620052637,15.390925339510334,0.0,63.78362563702886,1006.1981804094851
2023-09-20,14.674303114189104,6.935354498455781,24.79610826707326,11.631303902130984,17.47771223869857,47.70863221310593,10.061103542214706,59.93704077919428,1002.6300372949663
2023-09-21,14.9541091233582,8.664622274601273,22.335837294387204,10.760114748212088,24.5223137149509,28.708272848246143,5.791244717843293,76.52225484268195,1014.6627549694308
2023-09-22,14.39333583867535,8.321199483134645,24.338769515276105,5.101807995440305,6.12474717142516,25.01612866773694,0.0,43.128747206783046,1020.4854517068522
2023-09-23,18.086588272199982,11.460172454336567,26.391578262381582,15.276767057912478,23.281189597714253,28.19207358622347,11.207681837713306,88.2229442906562,1005.5337529691603
2023-09-24,9.949121418804955,4.360509744758486,18.66036283782415,14.55287768780843,19.444378447221716,32.105933468497255,0.0,,1014.5649152107006
2023-09-25,17.54609590324721,13.024844821847203,22.89958793926203,17.6777113213158,25.104466352438,27.772087695916774,0.0,50.72802663385334,1011.1818071590147
2023-09-26,13.632691346233678,7.558431318602851,19.84200152928003,10.807646424452845,30.3633744572053,38.80554533763804,0.0,51.528175549227036,1004.4856097016544
2023-09-27,15.71461340510773,11.09532899946122,24.020399898189048,22.97876377912212,30.158526676665048,31.46782382305331,0.0,57.48082709934083,1021.5667560368724
2023-09-28,11.01524510327879,4.9630377355015565,16.368051450219774,11.641413528454091,18.09348202318705,28.676533884642787,0.0,62.184051158463724,1019.1596775218718
2023-09-29,18.195016058224628,11.410347452157376,27.643696897750907,9.2041142393097,20.78911673955146,23.408995650846798,0.0,68.13457930280148,1013.6537295157159
2023-09-30,17.759472437534438,9.105916531506203,27.799814488665845,8.65211687506546,17.815210892363048,20.875449364263805,0.0,38.912905023819,1008.0482687541842
2023-10-01,16.71536978952088,12.534258134294364,27.23754395728971,4.9931062102037025,13.021635975904664,18.710956565296804,0.0,60.249311464734966,1011.9220827177654
2023-10-02,9.107005602781626,1.999713570271906,14.71761635786046,21.369319670586624,30.759983237575877,37.48680068127392,0.0,29.601828970447418,1006.9238747572638
2023-10-03,15.954000840661426,9.665324907411039,26.592322328798225,20.606251496205672,36.83609919931085,48.90784155577204,0.0,52.8723941699742,1009.9624963247458
2023-10-04,14.497321277616837,10.396015636596141,19.903041323392607,16.800633786251396,29.989008958068954,41.18138016505413,0.0,72.4469500454495,1012.0512645292863
2023-10-05,8.283865838594219,3.0361249589006167,16.12820313416111,9.363702829292063,15.495231713972753,24.64518168986551,15.579768975055298,52.0104836909278,1003.1802032863246
2023-10-06,12.844570421496178,8.252144159722171,22.886076545263048,22.948955641283526,41.84858946444408,57.55529547923437,1.726964685169221,37.36341478427235,1000.5871654732138
2023-10-07,13.829762455091396,8.745791726434172,19.251629286478128,12.183708897354915,17.30709329968972,28.265920305026473,16.036279731623544,72.0821929530369,1015.0460910678141
2023-10-08,14.224048371175359,8.851197153870768,19.33343480910926,12.648065402993353,20.653255380595866,32.21177190062357,0.0,71.64914997007122,1013.0896454270674
2023-10-09,12.908290796376734,6.901759119465753,18.05797710861664,21.231567118396494,29.886730437470973,32.91966714011012,0.0,58.90474541302386,1012.7999504353515
2023-10-10,13.071958811164071,6.4267618437196194,21.139580247780273,17.39307366705048,23.311561780924208,39.88617076131115,4.013754307873979,35.756964114507966,1007.3843416485494
2023-10-11,16.441983138731846,12.437033169099916,26.31156360631182,25.158441559353278,42.77492153007016,57.92679804314424,0.0,34.80245904344471,1000.7737061938434
2023-10-12,,10.713967309344724,21.287874138924025,15.452082259202285,21.153473520821223,30.650592133012495,0.0,56.17295719515303,1011.4104763173876
2023-10-13,3.0693420954306383,-1.3984898326133655,8.817003619907883,12.2799855636236,19.0608050674059,33.82074501981059,0.0,40.849090968450795,1010.5247691949546
2023-10-14,10.544768788515123,3.7964017922014044,18.956049918813875,11.263890467881092,25.71821339810701,33.650739947591774,0.0,56.640235526867876,1014.6899398938818
2023-10-15,10.831043177703052,5.185668825696703,17.236816782574593,5.146798922567303,10.415866643615338,33.82076332241722,0.0,57.35194135920327,1017.9680078703385
2023-10-16,5.897997653963639,-0.8439910262099515,15.279280064832882,13.048738024560102,15.666885426321585,24.498378394549256,0.0,49.12290987210747,1016.4751145845986
2023-10-17,11.267575546103888,6.158459035230499,21.96538787516439,20.225675058878668,28.39167331215403,36.10947920851188,0.0,76.77705152738577,1015.6826106827626
2023-10-18,14.563518732819016,10.442371962381092,24.159719172421497,17.558907027162007,20.890011508725838,31.90894407471687,0.0,62.085606459211505,1020.8848273110741
2023-10-19,7.391296643032637,-1.315537863318597,17.654348841306135,14.7293219386373,17.756905714236563,44.53524934590443,0.0,69.53909054553012,1014.2857228405423
2023-10-20,11.495542868166087,6.954002262221117,19.61305921359611,9.717154689706959,10.766695816066365,15.816916865780186,0.0,66.04698109925947,1018.8810747316392
2023-10-21,7.5758432669363085,2.9415495271277248,17.569759092241508,15.891217284888778,17.10316611088061,27.58591949902005,0.0,,1014.9038279525465
2023-10-22,8.146233399179705,3.4134992666290023,14.2436525030998,19.886907021525978,21.199424284439985,26.585148498287154,0.0,52.666632983927826,1002.3199093574444
2023-10-23,,5.528153458596583,19.84462342093671,17.043362540145583,37.532023267441915,45.241936186417725,0.0,51.42855955805475,1008.5975950964452
2023-10-24,8.216844653152586,1.1285434523026057,17.1525633139007,15.791291497591164,17.098373071639646,20.924237973599634,0.0,63.17322703000293,1008.0966865047351
2023-10-25,11.075142520084306,4.023692761565053,16.38685754263264,11.041578298790151,14.302677375881732,25.635589083139028,0.0,47.195617871537635,1014.0117650471395
2023-10-26,3.920707876599832,-5.012783130992816,14.275596391437915,19.431907703291056,26.295465306447706,34.56424942844137,0.0,75.70039530441481,1007.1006294074646
2023-10-27,14.969087988710491,10.526894142337216,24.118412871355,2.0,13.246662675410061,27.78371273060961,10.687735543000148,55.66853034463142,1010.6975372773401
2023-10-28,11.03982673932289,2.1673222766114453,21.753031091776364,17.152051978487624,29.172522671566743,46.65459820602837,0.0,57.57370086756434,1015.5292620899629
2023-10-29,8.536109511495036,3.516043778724832,15.41942944937445,28.161584047031496,32.222988205252236,51.59169223628448,0.0,52.25103025544862,1016.184401999313
2023-10-30,10.664037684397485,3.5486801665873076,18.58098753960721,7.841055026513014,15.743978373922744,21.314939009110763,16.049527791471284,64.03505523968583,1012.7099471557973
2023-10-31,4.563821783856633,-1.536596042657325,14.013963974127346,14.24979800723265,20.96969783822756,32.00499461327815,0.0,81.06816222956336,1003.4744249039113
2023-11-01,12.198889718909104,6.279130651523213,18.655563631674028,15.49156729857648,23.081361108534004,43.3217704637141,0.0,,1005.5427956589858
2023-11-02,7.5395381692635315,-1.1166784731337813,15.790631089933532,13.293416729138173,21.606277582785644,25.40522309953756,0.0,51.34334582809088,1026.3981342937477
2023-11-03,7.761697959097948,3.015559316896665,16.718501609130815,20.86411985828064,30.74859047518043,39.72650916124611,0.0,47.030396818529326,1015.4353300280206
2023-11-04,6.763613443924594,-2.2217316114566223,17.636465370606842,18.121108363074452,22.94265070547088,26.983491893510323,0.0,55.49248738826707,
2023-11-05,6.36359974132767,0.4679744358699276,15.83181950678198,16.597623899984438,32.38428178879536,58.9206780069334,0.0,,1010.3025452832402
2023-11-06,10.058878739933862,2.8150042204910894,15.767663841608305,19.900394792784816,25.634198724794484,45.71398971890754,0.0,41.56896243154834,1010.8705694558062
2023-11-07,8.614278430978116,-0.22525522643868534,16.46627913927798,16.07631359932884,43.01848308249923,99.65317732005235,17.700091640062446,49.90756162782812,986.5397952948832
2023-11-08,9.675909321357029,5.387904069462155,18.20853401929446,31.971005412899533,37.02138804976951,49.34784717631327,0.0,62.31623851340754,1005.5851462694171
2023-11-09,7.5708411908473146,-1.0434806237786383,13.45058004803343,16.90811195383034,24.909533107006883,29.313980299527845,0.0,67.32384219306346,1010.7043320614257
2023-11-10,9.015874978194098,2.176818051422382,16.60767132008057,17.208029881566663,23.971755541511413,45.711507793416104,5.408113504882046,60.1553095099796,1005.1208805390303
2023-11-11,6.101305362359026,-1.420679032528235,12.805340260373963,7.760045254163055,15.543469313959873,22.013928120505902,0.0,55.707937487838514,1009.742799650159
2023-11-12,13.931184022619878,9.185263103188136,19.64414927619203,13.676400055021055,28.378523923254185,33.182429657338666,0.0,50.66805913881668,1023.5368785214149
2023-11-13,2.424929341178113,-4.242007812977048,10.497180941958842,22.2122822857176,28.699378747628835,46.85350286635287,0.0,48.9706995765054,1009.4368279800237
2023-11-14,10.800893404783881,3.4333248311576625,16.794691890857955,9.88030358379759,12.799847572370092,18.768268127661337,0.0,43.96512364141237,1014.4706229054781
2023-11-15,11.013826166199909,4.7325896292615,19.55705061771425,5.8524233408196995,10.607114118624912,15.589949139947727,0.0,36.320206549132585,1014.6216143072248
2023-11-16,4.248343308498218,-0.5265825820320655,10.26652490194941,16.88481088035693,23.382458997127532,38.52528699515683,0.0,46.57063991072156,1014.4399286435463
2023-11-17,13.390081200784223,8.16948582535634,22.73165074240115,23.66035870734514,32.16055499281797,34.962325265854545,0.0,65.84863440808616,1007.7895029217268
2023-11-18,9.588926981587859,1.3169630266203658,15.760376719765882,17.102298578459795,21.17906446003367,33.76109396315673,4.408864427712793,53.87497467257539,1015.8536143573319
2023-11-19,9.418853611919708,5.246498647755894,19.796564216576606,15.293854487525184,19.73344744880994,28.791029202072185,4.04724892559864,54.49029982871027,1012.2341693879127
2023-11-20,6.495297055275091,-1.0490133369289714,11.652553194567943,7.766426762078883,16.480978928653855,30.73461007310295,10.521042803655876,60.08311612671452,1000.8315098902507
2023-11-21,5.6681872816350785,-3.328762900937556,13.800171603909494,19.404804892603575,28.32731636378091,39.916066696033454,0.0,69.93649198999282,1010.2133825492847
2023-11-22,5.603142969956753,1.5657279894229204,12.523771565276036,20.53483144109382,33.919636584094825,71.99754965483419,0.0,43.85940915362395,1009.0513129090268
2023-11-23,7.317359590874554,2.5121311767748544,13.6678187455221,8.404943643928172,13.113960671650815,22.831775257056105,0.0,58.324640060679926,1011.9420786225992
2023-11-24,10.266644999530161,2.8959234950644888,18.09626167452105,23.07162201898933,33.6130159187676,39.56601238469027,1.9396002742035034,55.92404664394119,1011.5347314861986
2023-11-25,6.52729172254788,2.227337549621139,16.579408940493444,21.312969142223366,28.08582633921528,36.39127485097606,0.0,55.815121901137225,1013.9607519950138
2023-11-26,3.1722492439348016,-3.7767006753444927,13.663912477094694,23.231755719049495,28.471636626106726,39.96875564532459,0.0,57.932204885397404,1013.3125199201539
2023-11-27,8.306083243030912,0.8860827252256316,15.125574951917987,20.573613325155108,27.506379187049887,53.04571922820246,1.9646595105968143,57.45417284275397,1011.5862901570318
2023-11-28,8.525488997766603,1.5847572571962516,14.45095073033703,21.010315207940323,28.64252199906993,41.81961651236413,0.0,64.51626263981103,1011.1318102384204
2023-11-29,7.6582837760936116,1.8323602609882759,16.979126461491454,20.431496435394966,23.08402388186915,27.27703808718244,0.0,54.64891206444485,1000.7813613971581
2023-11-30,7.866124142280322,0.379712662347127,16.358116495016255,22.2562948267268,25.095181307351893,99.20762223624358,0.0,75.93251672110837,1015.1251859485882
2023-12-01,4.755238229392687,-2.216233910676415,10.961335121458045,8.906211154380411,20.412483511725988,37.39128013243135,0.0,55.53375926760215,1014.3798979487735
2023-12-02,2.7225415356733604,-2.3156443247962377,12.28431626419798,10.580769612671597,16.210844684716662,20.183376399508166,0.0,34.558397408796765,1007.6445669139363
2023-12-03,2.8495237212173996,-3.9661539967081496,10.963106332670247,14.492068557164874,23.034735851914057,26.08934930195319,0.0,62.65972429772478,1012.9477010141961
2023-12-04,0.4954342204207922,-7.914101865273844,9.415805417465238,17.608997477753498,28.892259003649244,31.411839775832025,0.0,59.70516166311738,1013.9058535548537
2023-12-05,6.063530221373144,-1.2706362070791055,13.219564425153475,20.284696750552495,27.24697175683363,35.215165767467035,0.0,55.39054038114309,1016.7691895626003
2023-12-06,5.056353487400546,-1.3026040495686892,12.690938855214803,20.053232259831482,30.722962227450413,38.957258519176,0.2592407192463263,52.11846085986796,1012.8134425221289
2023-12-07,3.9439208294548243,-1.663999684892432,10.025973419704478,24.101037544517332,31.767305750731104,36.4776056731832,0.0,29.62457120248257,1011.8429131714722
2023-12-08,-3.6426070811355995,-8.072038128323463,5.896488124736447,24.343516717398515,32.26123237818886,34.41681776612954,0.0,31.637871252811898,1014.8946767307754
2023-12-09,1.4458555191376883,-3.777280144657455,7.3879234640484395,14.32446831909736,29.798834052940563,32.91971584553401,0.0,74.77023064596978,1008.9974747910883
2023-12-10,8.517092304607367,4.461158539172982,18.186907873113736,19.964424653573765,26.400215084405936,39.769658024742704,0.0,47.97396876280736,1013.0999838353143
2023-12-11,3.130668507254863,-5.80246108036996,12.918715636562379,14.617307982298197,26.21026306820442,32.77175327803498,0.0,66.5874451306265,1007.9628945687502
2023-12-12,6.179520329042523,1.067109068398823,15.659126113373253,17.999898357448387,20.24394873085735,23.714320824363163,0.0,35.76360072111446,1017.5148912284778
2023-12-13,0.9021183681326743,-7.172261345294189,6.018655096485117,20.634479344585568,28.96813727589074,38.001338437994676,0.0,42.43770045558081,1002.606223837333
2023-12-14,9.369958024970021,4.526733615945128,16.008757300610064,2.0660471826623734,20.061915558475004,30.451680296704527,0.0,63.14369136258059,1016.0743985369804
2023-12-15,4.6046691005401,-0.8133366474877697,12.414695557290983,31.249584028228167,59.39844365515364,70.65120690821965,0.0,53.769987571616404,1006.178778260967
2023-12-16,5.893032419931291,-0.1983541762105423,14.466298692232066,22.10880986256831,24.46009148466308,33.23185713737557,0.0,61.452006063872545,1016.157922930932
2023-12-17,11.989662504209686,6.367634183501661,22.504995100423987,16.381274410603492,21.990503063351447,29.745849292843566,4.219942052026431,58.634357055666094,1005.6887316625276
2023-12-18,9.554311214207281,1.5625571504079758,16.807947046979496,29.07926094055418,32.4733821356694,51.68180893981415,8.819707358063472,60.445673054177824,1006.1690568946995
2023-12-19,4.08121989093671,-4.7072471491404055,14.331359803580435,17.787450270850467,24.408151062413257,27.65517865341097,0.0,46.83947406190131,1011.6419277892944
2023-12-20,3.220441308290831,-5.15603110996341,9.20101703711185,20.268945237602107,33.10581818429651,40.0690332518339,6.655325540596971,46.66176111537727,1008.8758823023093
2023-12-21,4.025911443662604,-0.7419778910761785,11.253594368714367,17.252035445982433,33.08068788388353,34.2389214636506,13.385762490433432,83.87960171818008,998.1072058189608
2023-12-22,6.537944621793089,-1.3454987599533617,11.851636686721028,28.028339798098557,44.183524252182025,50.42150088308999,3.687731106341718,77.12666726926612,1009.7096812494236
2023-12-23,4.70153796453618,-0.0381966019873774,14.156473710869914,19.323699182923963,21.482741163034873,31.01145806262578,0.0,42.535564543069796,1002.548118185183
2023-12-24,3.843692860799875,-4.723212672010632,9.747609405397352,20.675737534915584,28.19285969918036,43.22962595581788,0.0,41.751050775916625,1007.4318607595362
2023-12-25,9.446434794508157,2.857041916165265,15.988554888398903,26.026350711157097,30.66204666929866,31.86658176041663,0.0,50.826722290934896,1002.5870429639092
2023-12-26,4.720973348833018,-0.9609320914505153,14.372372861992307,23.011665300366964,29.358910424206822,38.67336894786658,0.0,59.08522017835782,1014.7372604347971
2023-12-27,11.984322975514702,7.199195488843738,20.19262328005096,19.892137637081795,25.04091587026207,53.16026838124819,0.0,52.81818150451997,1013.2445165070059
2023-12-28,5.382970245295636,1.3239248044006127,10.466806561806411,25.793101570489366,28.056513954433264,39.937458405011114,0.0,60.99424078297265,1013.0717161413287
2023-12-29,10.495111316340331,5.255376358035908,15.508522544824714,33.01016750165401,48.93727736158328,51.62897812826168,0.0,54.40901262866361,1015.0253553770053
2023-12-30,6.242746283858864,-2.327354032547696,14.306710074298246,21.980721444576048,26.089985697364984,32.33751059831084,12.764051259038007,65.1120724357434,1003.1247681700672
